id,firstname,lastname,email,email2,profession
100,Desirae,Phi,Desirae.Phi@yopmail.com,Desirae.Phi@gmail.com,police officer
101,Yetty,Johanna,Yetty.Johanna@yopmail.com,Yetty.Johanna@gmail.com,police officer
102,Brooks,Phi,Brooks.Phi@yopmail.com,Brooks.Phi@gmail.com,doctor
103,Dale,Sasnett,Dale.Sasnett@yopmail.com,Dale.Sasnett@gmail.com,doctor
104,Cyb,Chauncey,Cyb.Chauncey@yopmail.com,Cyb.Chauncey@gmail.com,doctor
105,Averyl,Valoniah,Averyl.Valoniah@yopmail.com,Averyl.Valoniah@gmail.com,firefighter
106,Madeleine,Bates,Madeleine.Bates@yopmail.com,Madeleine.Bates@gmail.com,firefighter
107,Deloria,Ovid,Deloria.Ovid@yopmail.com,Deloria.Ovid@gmail.com,worker
108,Susan,Faso,Susan.Faso@yopmail.com,Susan.Faso@gmail.com,firefighter
109,Yolane,Modie,Yolane.Modie@yopmail.com,Yolane.Modie@gmail.com,firefighter
110,Ardenia,Oster,Ardenia.Oster@yopmail.com,Ardenia.Oster@gmail.com,doctor
111,Audrie,Evvie,Audrie.Evvie@yopmail.com,Audrie.Evvie@gmail.com,police officer
112,Rosabelle,Rocray,Rosabelle.Rocray@yopmail.com,Rosabelle.Rocray@gmail.com,worker
113,Alyssa,Cohdwell,Alyssa.Cohdwell@yopmail.com,Alyssa.Cohdwell@gmail.com,developer
114,Paola,Anton,Paola.Anton@yopmail.com,Paola.Anton@gmail.com,developer
115,Tina,Ardra,Tina.Ardra@yopmail.com,Tina.Ardra@gmail.com,worker
116,Annaliese,Heisel,Annaliese.Heisel@yopmail.com,Annaliese.Heisel@gmail.com,worker
117,Joceline,Hedve,Joceline.Hedve@yopmail.com,Joceline.Hedve@gmail.com,worker
118,Mureil,Autrey,Mureil.Autrey@yopmail.com,Mureil.Autrey@gmail.com,developer
119,Valeda,Lareena,Valeda.Lareena@yopmail.com,Valeda.Lareena@gmail.com,worker
120,Lily,O'Neill,Lily.O'Neill@yopmail.com,Lily.O'Neill@gmail.com,worker
121,Marline,Zachary,Marline.Zachary@yopmail.com,Marline.Zachary@gmail.com,firefighter
122,Tiffie,Kannry,Tiffie.Kannry@yopmail.com,Tiffie.Kannry@gmail.com,worker
123,Oona,Haymes,Oona.Haymes@yopmail.com,Oona.Haymes@gmail.com,worker
124,Verla,Moseley,Verla.Moseley@yopmail.com,Verla.Moseley@gmail.com,doctor
125,Shaylyn,Gwenore,Shaylyn.Gwenore@yopmail.com,Shaylyn.Gwenore@gmail.com,police officer
126,Shel,Germann,Shel.Germann@yopmail.com,Shel.Germann@gmail.com,worker
127,Madeleine,Bari,Madeleine.Bari@yopmail.com,Madeleine.Bari@gmail.com,worker
128,Lucille,Gert,Lucille.Gert@yopmail.com,Lucille.Gert@gmail.com,police officer
129,Susan,Tremayne,Susan.Tremayne@yopmail.com,Susan.Tremayne@gmail.com,police officer
130,Leanna,Saint,Leanna.Saint@yopmail.com,Leanna.Saint@gmail.com,worker
131,Henriette,Septima,Henriette.Septima@yopmail.com,Henriette.Septima@gmail.com,developer
132,Nelle,Brittani,Nelle.Brittani@yopmail.com,Nelle.Brittani@gmail.com,police officer
133,Fred,Konyn,Fred.Konyn@yopmail.com,Fred.Konyn@gmail.com,police officer
134,Marinna,Malvino,Marinna.Malvino@yopmail.com,Marinna.Malvino@gmail.com,police officer
135,Halette,Mike,Halette.Mike@yopmail.com,Halette.Mike@gmail.com,doctor
136,Deloria,Junie,Deloria.Junie@yopmail.com,Deloria.Junie@gmail.com,developer
137,Glynnis,Prouty,Glynnis.Prouty@yopmail.com,Glynnis.Prouty@gmail.com,developer
138,Ulrike,Joli,Ulrike.Joli@yopmail.com,Ulrike.Joli@gmail.com,worker
139,Kamilah,Luhe,Kamilah.Luhe@yopmail.com,Kamilah.Luhe@gmail.com,developer
140,Mamie,Shaddock,Mamie.Shaddock@yopmail.com,Mamie.Shaddock@gmail.com,police officer
141,Gilda,Yuille,Gilda.Yuille@yopmail.com,Gilda.Yuille@gmail.com,developer
142,Zia,Revkah,Zia.Revkah@yopmail.com,Zia.Revkah@gmail.com,firefighter
143,Joceline,Auberbach,Joceline.Auberbach@yopmail.com,Joceline.Auberbach@gmail.com,doctor
144,Cassondra,Aurelio,Cassondra.Aurelio@yopmail.com,Cassondra.Aurelio@gmail.com,doctor
145,Vanessa,Hanshaw,Vanessa.Hanshaw@yopmail.com,Vanessa.Hanshaw@gmail.com,doctor
146,Jerry,Mitzi,Jerry.Mitzi@yopmail.com,Jerry.Mitzi@gmail.com,police officer
147,Gratia,Christine,Gratia.Christine@yopmail.com,Gratia.Christine@gmail.com,worker
148,Charissa,Read,Charissa.Read@yopmail.com,Charissa.Read@gmail.com,police officer
149,Emma,Neils,Emma.Neils@yopmail.com,Emma.Neils@gmail.com,developer
150,Maurene,Ovid,Maurene.Ovid@yopmail.com,Maurene.Ovid@gmail.com,worker
151,Riannon,Hanshaw,Riannon.Hanshaw@yopmail.com,Riannon.Hanshaw@gmail.com,doctor
152,Madalyn,Jethro,Madalyn.Jethro@yopmail.com,Madalyn.Jethro@gmail.com,developer
153,Dorthy,Toor,Dorthy.Toor@yopmail.com,Dorthy.Toor@gmail.com,developer
154,Marleah,Isidore,Marleah.Isidore@yopmail.com,Marleah.Isidore@gmail.com,firefighter
155,Lucy,Daegal,Lucy.Daegal@yopmail.com,Lucy.Daegal@gmail.com,doctor
156,Daphne,Croix,Daphne.Croix@yopmail.com,Daphne.Croix@gmail.com,police officer
157,Adore,Harned,Adore.Harned@yopmail.com,Adore.Harned@gmail.com,police officer
158,Thalia,Brodench,Thalia.Brodench@yopmail.com,Thalia.Brodench@gmail.com,developer
159,Belinda,Tryck,Belinda.Tryck@yopmail.com,Belinda.Tryck@gmail.com,worker
160,Joelly,Burnside,Joelly.Burnside@yopmail.com,Joelly.Burnside@gmail.com,worker
161,Thalia,Bendick,Thalia.Bendick@yopmail.com,Thalia.Bendick@gmail.com,doctor
162,Leona,Monk,Leona.Monk@yopmail.com,Leona.Monk@gmail.com,developer
163,Celene,Alcott,Celene.Alcott@yopmail.com,Celene.Alcott@gmail.com,doctor
164,Rozele,Mike,Rozele.Mike@yopmail.com,Rozele.Mike@gmail.com,firefighter
165,Valli,Lilybelle,Valli.Lilybelle@yopmail.com,Valli.Lilybelle@gmail.com,firefighter
166,Jessamyn,Japeth,Jessamyn.Japeth@yopmail.com,Jessamyn.Japeth@gmail.com,doctor
167,Roxane,Ax,Roxane.Ax@yopmail.com,Roxane.Ax@gmail.com,police officer
168,Adriana,Mike,Adriana.Mike@yopmail.com,Adriana.Mike@gmail.com,firefighter
169,Caressa,Giff,Caressa.Giff@yopmail.com,Caressa.Giff@gmail.com,firefighter
170,Alex,Delila,Alex.Delila@yopmail.com,Alex.Delila@gmail.com,firefighter
171,Jackie,Faust,Jackie.Faust@yopmail.com,Jackie.Faust@gmail.com,doctor
172,Georgina,Dituri,Georgina.Dituri@yopmail.com,Georgina.Dituri@gmail.com,police officer
173,Sophia,Federica,Sophia.Federica@yopmail.com,Sophia.Federica@gmail.com,police officer
174,Josephine,Tengdin,Josephine.Tengdin@yopmail.com,Josephine.Tengdin@gmail.com,worker
175,Eugine,Fiester,Eugine.Fiester@yopmail.com,Eugine.Fiester@gmail.com,doctor
176,Jillayne,Roche,Jillayne.Roche@yopmail.com,Jillayne.Roche@gmail.com,police officer
177,Petronia,Kalinda,Petronia.Kalinda@yopmail.com,Petronia.Kalinda@gmail.com,firefighter
178,Renie,Greyson,Renie.Greyson@yopmail.com,Renie.Greyson@gmail.com,worker
179,Jessy,Kermit,Jessy.Kermit@yopmail.com,Jessy.Kermit@gmail.com,doctor
180,Alameda,Liebermann,Alameda.Liebermann@yopmail.com,Alameda.Liebermann@gmail.com,firefighter
181,Aurore,Jehu,Aurore.Jehu@yopmail.com,Aurore.Jehu@gmail.com,worker
182,Judy,Fosque,Judy.Fosque@yopmail.com,Judy.Fosque@gmail.com,worker
183,Shell,Morgun,Shell.Morgun@yopmail.com,Shell.Morgun@gmail.com,worker
184,Sibella,Loring,Sibella.Loring@yopmail.com,Sibella.Loring@gmail.com,police officer
185,Mamie,Killigrew,Mamie.Killigrew@yopmail.com,Mamie.Killigrew@gmail.com,firefighter
186,Desirae,Ashely,Desirae.Ashely@yopmail.com,Desirae.Ashely@gmail.com,firefighter
187,Nanete,Cimbura,Nanete.Cimbura@yopmail.com,Nanete.Cimbura@gmail.com,developer
188,Brietta,Docilla,Brietta.Docilla@yopmail.com,Brietta.Docilla@gmail.com,worker
189,Shauna,Capello,Shauna.Capello@yopmail.com,Shauna.Capello@gmail.com,developer
190,Tracey,Bivins,Tracey.Bivins@yopmail.com,Tracey.Bivins@gmail.com,worker
191,Etta,Bahr,Etta.Bahr@yopmail.com,Etta.Bahr@gmail.com,worker
192,Josephine,Sigfrid,Josephine.Sigfrid@yopmail.com,Josephine.Sigfrid@gmail.com,police officer
193,Oralee,Loleta,Oralee.Loleta@yopmail.com,Oralee.Loleta@gmail.com,police officer
194,Riannon,Gregrory,Riannon.Gregrory@yopmail.com,Riannon.Gregrory@gmail.com,police officer
195,Antonietta,Middleton,Antonietta.Middleton@yopmail.com,Antonietta.Middleton@gmail.com,doctor
196,Jessamyn,Rustice,Jessamyn.Rustice@yopmail.com,Jessamyn.Rustice@gmail.com,worker
197,Eolanda,Taima,Eolanda.Taima@yopmail.com,Eolanda.Taima@gmail.com,firefighter
198,Marti,Isacco,Marti.Isacco@yopmail.com,Marti.Isacco@gmail.com,developer
199,Krystle,Moseley,Krystle.Moseley@yopmail.com,Krystle.Moseley@gmail.com,doctor
200,Cam,Jobi,Cam.Jobi@yopmail.com,Cam.Jobi@gmail.com,firefighter
201,Allis,Colyer,Allis.Colyer@yopmail.com,Allis.Colyer@gmail.com,firefighter
202,Rhoda,Anselmi,Rhoda.Anselmi@yopmail.com,Rhoda.Anselmi@gmail.com,developer
203,Beverley,Sasnett,Beverley.Sasnett@yopmail.com,Beverley.Sasnett@gmail.com,doctor
204,Frances,Louanna,Frances.Louanna@yopmail.com,Frances.Louanna@gmail.com,worker
205,Monika,Mintz,Monika.Mintz@yopmail.com,Monika.Mintz@gmail.com,worker
206,Brana,Payson,Brana.Payson@yopmail.com,Brana.Payson@gmail.com,firefighter
207,Randa,Andrel,Randa.Andrel@yopmail.com,Randa.Andrel@gmail.com,developer
208,Kittie,Tufts,Kittie.Tufts@yopmail.com,Kittie.Tufts@gmail.com,doctor
209,Nyssa,Cadmar,Nyssa.Cadmar@yopmail.com,Nyssa.Cadmar@gmail.com,firefighter
210,Elie,Madaih,Elie.Madaih@yopmail.com,Elie.Madaih@gmail.com,police officer
211,Dagmar,Earlie,Dagmar.Earlie@yopmail.com,Dagmar.Earlie@gmail.com,developer
212,Laure,Glovsky,Laure.Glovsky@yopmail.com,Laure.Glovsky@gmail.com,developer
213,Ofilia,Durante,Ofilia.Durante@yopmail.com,Ofilia.Durante@gmail.com,doctor
214,Janeczka,Madaih,Janeczka.Madaih@yopmail.com,Janeczka.Madaih@gmail.com,worker
215,Doralynne,Ahab,Doralynne.Ahab@yopmail.com,Doralynne.Ahab@gmail.com,police officer
216,Valera,Esmaria,Valera.Esmaria@yopmail.com,Valera.Esmaria@gmail.com,police officer
217,Starla,Matthew,Starla.Matthew@yopmail.com,Starla.Matthew@gmail.com,developer
218,Mignon,Lattie,Mignon.Lattie@yopmail.com,Mignon.Lattie@gmail.com,developer
219,Ezmeralda,Brandice,Ezmeralda.Brandice@yopmail.com,Ezmeralda.Brandice@gmail.com,police officer
220,Perry,Harl,Perry.Harl@yopmail.com,Perry.Harl@gmail.com,firefighter
221,Lisette,Hylan,Lisette.Hylan@yopmail.com,Lisette.Hylan@gmail.com,developer
222,Katleen,Connelly,Katleen.Connelly@yopmail.com,Katleen.Connelly@gmail.com,developer
223,Georgetta,Kylander,Georgetta.Kylander@yopmail.com,Georgetta.Kylander@gmail.com,developer
224,Lizzie,Vary,Lizzie.Vary@yopmail.com,Lizzie.Vary@gmail.com,worker
225,Myrtice,Brittani,Myrtice.Brittani@yopmail.com,Myrtice.Brittani@gmail.com,police officer
226,Taffy,Mallon,Taffy.Mallon@yopmail.com,Taffy.Mallon@gmail.com,doctor
227,Annice,Beebe,Annice.Beebe@yopmail.com,Annice.Beebe@gmail.com,doctor
228,Lyssa,Naashom,Lyssa.Naashom@yopmail.com,Lyssa.Naashom@gmail.com,firefighter
229,Trudie,Cecile,Trudie.Cecile@yopmail.com,Trudie.Cecile@gmail.com,developer
230,Anestassia,Remmer,Anestassia.Remmer@yopmail.com,Anestassia.Remmer@gmail.com,doctor
231,Claudina,Campball,Claudina.Campball@yopmail.com,Claudina.Campball@gmail.com,worker
232,Priscilla,Bigner,Priscilla.Bigner@yopmail.com,Priscilla.Bigner@gmail.com,developer
233,Debee,Mata,Debee.Mata@yopmail.com,Debee.Mata@gmail.com,police officer
234,Laure,Belldas,Laure.Belldas@yopmail.com,Laure.Belldas@gmail.com,police officer
235,Tamqrah,Sundin,Tamqrah.Sundin@yopmail.com,Tamqrah.Sundin@gmail.com,police officer
236,Darci,Kylander,Darci.Kylander@yopmail.com,Darci.Kylander@gmail.com,doctor
237,Marleah,Raseda,Marleah.Raseda@yopmail.com,Marleah.Raseda@gmail.com,police officer
238,Annora,Sharl,Annora.Sharl@yopmail.com,Annora.Sharl@gmail.com,worker
239,Kate,Lucienne,Kate.Lucienne@yopmail.com,Kate.Lucienne@gmail.com,police officer
240,Marinna,Marisa,Marinna.Marisa@yopmail.com,Marinna.Marisa@gmail.com,developer
241,Wynne,Cadmar,Wynne.Cadmar@yopmail.com,Wynne.Cadmar@gmail.com,developer
242,Mariann,Justinn,Mariann.Justinn@yopmail.com,Mariann.Justinn@gmail.com,doctor
243,Donnie,Ehrman,Donnie.Ehrman@yopmail.com,Donnie.Ehrman@gmail.com,police officer
244,Flory,Catie,Flory.Catie@yopmail.com,Flory.Catie@gmail.com,doctor
245,Corry,Stav,Corry.Stav@yopmail.com,Corry.Stav@gmail.com,worker
246,Cecile,Baudin,Cecile.Baudin@yopmail.com,Cecile.Baudin@gmail.com,police officer
247,Aryn,Dahlia,Aryn.Dahlia@yopmail.com,Aryn.Dahlia@gmail.com,developer
248,Flo,Dituri,Flo.Dituri@yopmail.com,Flo.Dituri@gmail.com,worker
249,Stacey,Randene,Stacey.Randene@yopmail.com,Stacey.Randene@gmail.com,developer
250,Ottilie,Solitta,Ottilie.Solitta@yopmail.com,Ottilie.Solitta@gmail.com,firefighter
251,Ida,Hazlett,Ida.Hazlett@yopmail.com,Ida.Hazlett@gmail.com,developer
252,Alisha,Elo,Alisha.Elo@yopmail.com,Alisha.Elo@gmail.com,police officer
253,Annabela,Roarke,Annabela.Roarke@yopmail.com,Annabela.Roarke@gmail.com,developer
254,Dorthy,Borrell,Dorthy.Borrell@yopmail.com,Dorthy.Borrell@gmail.com,worker
255,Fawne,Hedve,Fawne.Hedve@yopmail.com,Fawne.Hedve@gmail.com,developer
256,Teddie,Gaal,Teddie.Gaal@yopmail.com,Teddie.Gaal@gmail.com,developer
257,Charmaine,Monk,Charmaine.Monk@yopmail.com,Charmaine.Monk@gmail.com,worker
258,Luci,Adalbert,Luci.Adalbert@yopmail.com,Luci.Adalbert@gmail.com,doctor
259,Corina,Peonir,Corina.Peonir@yopmail.com,Corina.Peonir@gmail.com,developer
260,Gianina,Ferino,Gianina.Ferino@yopmail.com,Gianina.Ferino@gmail.com,doctor
261,Livvyy,Damarra,Livvyy.Damarra@yopmail.com,Livvyy.Damarra@gmail.com,police officer
262,Candy,Pozzy,Candy.Pozzy@yopmail.com,Candy.Pozzy@gmail.com,worker
263,Adele,Vorster,Adele.Vorster@yopmail.com,Adele.Vorster@gmail.com,worker
264,Felice,Hubert,Felice.Hubert@yopmail.com,Felice.Hubert@gmail.com,worker
265,Aaren,Thornburg,Aaren.Thornburg@yopmail.com,Aaren.Thornburg@gmail.com,firefighter
266,Annora,Sparhawk,Annora.Sparhawk@yopmail.com,Annora.Sparhawk@gmail.com,police officer
267,Brandise,Jeanne,Brandise.Jeanne@yopmail.com,Brandise.Jeanne@gmail.com,developer
268,Agnese,Chabot,Agnese.Chabot@yopmail.com,Agnese.Chabot@gmail.com,police officer
269,Kenna,Ciapas,Kenna.Ciapas@yopmail.com,Kenna.Ciapas@gmail.com,doctor
270,Ottilie,Vilma,Ottilie.Vilma@yopmail.com,Ottilie.Vilma@gmail.com,firefighter
271,Madeleine,Orelee,Madeleine.Orelee@yopmail.com,Madeleine.Orelee@gmail.com,firefighter
272,Jany,Amethist,Jany.Amethist@yopmail.com,Jany.Amethist@gmail.com,doctor
273,Margette,Pillsbury,Margette.Pillsbury@yopmail.com,Margette.Pillsbury@gmail.com,worker
274,Basia,Kelula,Basia.Kelula@yopmail.com,Basia.Kelula@gmail.com,firefighter
275,Nananne,Shelba,Nananne.Shelba@yopmail.com,Nananne.Shelba@gmail.com,worker
276,Ellette,Tengdin,Ellette.Tengdin@yopmail.com,Ellette.Tengdin@gmail.com,police officer
277,Rani,Marcellus,Rani.Marcellus@yopmail.com,Rani.Marcellus@gmail.com,worker
278,Dulce,Nahum,Dulce.Nahum@yopmail.com,Dulce.Nahum@gmail.com,doctor
279,Ursulina,Lindemann,Ursulina.Lindemann@yopmail.com,Ursulina.Lindemann@gmail.com,developer
280,Gwenneth,Kirbee,Gwenneth.Kirbee@yopmail.com,Gwenneth.Kirbee@gmail.com,police officer
281,Elvira,Borrell,Elvira.Borrell@yopmail.com,Elvira.Borrell@gmail.com,firefighter
282,Johna,Meli,Johna.Meli@yopmail.com,Johna.Meli@gmail.com,police officer
283,Rosabelle,Donoghue,Rosabelle.Donoghue@yopmail.com,Rosabelle.Donoghue@gmail.com,police officer
284,Dolli,Swigart,Dolli.Swigart@yopmail.com,Dolli.Swigart@gmail.com,doctor
285,Dode,Palocz,Dode.Palocz@yopmail.com,Dode.Palocz@gmail.com,firefighter
286,Laurene,Douglass,Laurene.Douglass@yopmail.com,Laurene.Douglass@gmail.com,firefighter
287,Elmira,Weaks,Elmira.Weaks@yopmail.com,Elmira.Weaks@gmail.com,worker
288,Ronna,Cristi,Ronna.Cristi@yopmail.com,Ronna.Cristi@gmail.com,doctor
289,Georgina,Delila,Georgina.Delila@yopmail.com,Georgina.Delila@gmail.com,police officer
290,Chastity,LaRue,Chastity.LaRue@yopmail.com,Chastity.LaRue@gmail.com,doctor
291,Mireielle,Lea,Mireielle.Lea@yopmail.com,Mireielle.Lea@gmail.com,firefighter
292,Carolina,Blase,Carolina.Blase@yopmail.com,Carolina.Blase@gmail.com,worker
293,Bertine,Kauppi,Bertine.Kauppi@yopmail.com,Bertine.Kauppi@gmail.com,firefighter
294,Mahalia,Rossner,Mahalia.Rossner@yopmail.com,Mahalia.Rossner@gmail.com,firefighter
295,Priscilla,Bennie,Priscilla.Bennie@yopmail.com,Priscilla.Bennie@gmail.com,worker
296,Tera,Parette,Tera.Parette@yopmail.com,Tera.Parette@gmail.com,worker
297,Carlie,Abbot,Carlie.Abbot@yopmail.com,Carlie.Abbot@gmail.com,firefighter
298,Gerrie,Jammal,Gerrie.Jammal@yopmail.com,Gerrie.Jammal@gmail.com,police officer
299,Leona,Wiener,Leona.Wiener@yopmail.com,Leona.Wiener@gmail.com,developer
300,Sophia,Jillane,Sophia.Jillane@yopmail.com,Sophia.Jillane@gmail.com,doctor
301,Judy,Ferino,Judy.Ferino@yopmail.com,Judy.Ferino@gmail.com,police officer
302,Etta,Santoro,Etta.Santoro@yopmail.com,Etta.Santoro@gmail.com,worker
303,Imojean,Denis,Imojean.Denis@yopmail.com,Imojean.Denis@gmail.com,police officer
304,Louella,Desai,Louella.Desai@yopmail.com,Louella.Desai@gmail.com,firefighter
305,Tonia,Johnsson,Tonia.Johnsson@yopmail.com,Tonia.Johnsson@gmail.com,firefighter
306,Marcelline,Madox,Marcelline.Madox@yopmail.com,Marcelline.Madox@gmail.com,developer
307,Hannis,Jess,Hannis.Jess@yopmail.com,Hannis.Jess@gmail.com,firefighter
308,Emma,Waldron,Emma.Waldron@yopmail.com,Emma.Waldron@gmail.com,developer
309,Kimberley,Suk,Kimberley.Suk@yopmail.com,Kimberley.Suk@gmail.com,doctor
310,Shaylyn,Cullin,Shaylyn.Cullin@yopmail.com,Shaylyn.Cullin@gmail.com,firefighter
311,Steffane,Huggins,Steffane.Huggins@yopmail.com,Steffane.Huggins@gmail.com,firefighter
312,Jolyn,Chinua,Jolyn.Chinua@yopmail.com,Jolyn.Chinua@gmail.com,police officer
313,Latisha,Azeria,Latisha.Azeria@yopmail.com,Latisha.Azeria@gmail.com,developer
314,Dianemarie,Voletta,Dianemarie.Voletta@yopmail.com,Dianemarie.Voletta@gmail.com,police officer
315,Joceline,Dahlia,Joceline.Dahlia@yopmail.com,Joceline.Dahlia@gmail.com,doctor
316,Berta,Fillbert,Berta.Fillbert@yopmail.com,Berta.Fillbert@gmail.com,police officer
317,Cyndie,Ambrosia,Cyndie.Ambrosia@yopmail.com,Cyndie.Ambrosia@gmail.com,police officer
318,Flory,Linehan,Flory.Linehan@yopmail.com,Flory.Linehan@gmail.com,police officer
319,Aryn,Redmond,Aryn.Redmond@yopmail.com,Aryn.Redmond@gmail.com,worker
320,Eadie,Vorster,Eadie.Vorster@yopmail.com,Eadie.Vorster@gmail.com,worker
321,Elora,Anyah,Elora.Anyah@yopmail.com,Elora.Anyah@gmail.com,police officer
322,Gertrud,Leary,Gertrud.Leary@yopmail.com,Gertrud.Leary@gmail.com,developer
323,Basia,Jorgan,Basia.Jorgan@yopmail.com,Basia.Jorgan@gmail.com,firefighter
324,Sibella,Allys,Sibella.Allys@yopmail.com,Sibella.Allys@gmail.com,developer
325,Thalia,Tillford,Thalia.Tillford@yopmail.com,Thalia.Tillford@gmail.com,firefighter
326,Odessa,Ivens,Odessa.Ivens@yopmail.com,Odessa.Ivens@gmail.com,police officer
327,Antonietta,Johanna,Antonietta.Johanna@yopmail.com,Antonietta.Johanna@gmail.com,doctor
328,Orelia,Yorick,Orelia.Yorick@yopmail.com,Orelia.Yorick@gmail.com,police officer
329,Aurore,Corrine,Aurore.Corrine@yopmail.com,Aurore.Corrine@gmail.com,firefighter
330,Etta,Gombach,Etta.Gombach@yopmail.com,Etta.Gombach@gmail.com,worker
331,Emylee,Liebermann,Emylee.Liebermann@yopmail.com,Emylee.Liebermann@gmail.com,police officer
332,Sherrie,Corilla,Sherrie.Corilla@yopmail.com,Sherrie.Corilla@gmail.com,police officer
333,Adelle,Grimbly,Adelle.Grimbly@yopmail.com,Adelle.Grimbly@gmail.com,firefighter
334,Dari,Syd,Dari.Syd@yopmail.com,Dari.Syd@gmail.com,police officer
335,Netty,Reinke,Netty.Reinke@yopmail.com,Netty.Reinke@gmail.com,police officer
336,Janis,Jeanne,Janis.Jeanne@yopmail.com,Janis.Jeanne@gmail.com,firefighter
337,Nariko,Roumell,Nariko.Roumell@yopmail.com,Nariko.Roumell@gmail.com,police officer
338,Andeee,McGrody,Andeee.McGrody@yopmail.com,Andeee.McGrody@gmail.com,police officer
339,Keelia,Hachmin,Keelia.Hachmin@yopmail.com,Keelia.Hachmin@gmail.com,worker
340,Wynne,Bord,Wynne.Bord@yopmail.com,Wynne.Bord@gmail.com,firefighter
341,Gusty,Sawtelle,Gusty.Sawtelle@yopmail.com,Gusty.Sawtelle@gmail.com,doctor
342,Layla,Roumell,Layla.Roumell@yopmail.com,Layla.Roumell@gmail.com,doctor
343,Bibby,Lamoree,Bibby.Lamoree@yopmail.com,Bibby.Lamoree@gmail.com,firefighter
344,Arabel,Ventre,Arabel.Ventre@yopmail.com,Arabel.Ventre@gmail.com,firefighter
345,Mara,Argus,Mara.Argus@yopmail.com,Mara.Argus@gmail.com,worker
346,Kristina,Luhe,Kristina.Luhe@yopmail.com,Kristina.Luhe@gmail.com,doctor
347,Ana,Marisa,Ana.Marisa@yopmail.com,Ana.Marisa@gmail.com,police officer
348,Corly,Arley,Corly.Arley@yopmail.com,Corly.Arley@gmail.com,developer
349,Helena,Ellord,Helena.Ellord@yopmail.com,Helena.Ellord@gmail.com,police officer
350,Marinna,Kazimir,Marinna.Kazimir@yopmail.com,Marinna.Kazimir@gmail.com,worker
351,Modestia,Maples,Modestia.Maples@yopmail.com,Modestia.Maples@gmail.com,police officer
352,Cathie,Latini,Cathie.Latini@yopmail.com,Cathie.Latini@gmail.com,developer
353,Cecile,Sophronia,Cecile.Sophronia@yopmail.com,Cecile.Sophronia@gmail.com,doctor
354,Blondelle,Lytton,Blondelle.Lytton@yopmail.com,Blondelle.Lytton@gmail.com,worker
355,Diena,Hedve,Diena.Hedve@yopmail.com,Diena.Hedve@gmail.com,doctor
356,Cherilyn,Tound,Cherilyn.Tound@yopmail.com,Cherilyn.Tound@gmail.com,police officer
357,Tori,Alejoa,Tori.Alejoa@yopmail.com,Tori.Alejoa@gmail.com,doctor
358,Etta,Stanwood,Etta.Stanwood@yopmail.com,Etta.Stanwood@gmail.com,worker
359,Anestassia,Nester,Anestassia.Nester@yopmail.com,Anestassia.Nester@gmail.com,doctor
360,Daphne,Greenwald,Daphne.Greenwald@yopmail.com,Daphne.Greenwald@gmail.com,worker
361,Arabel,Obed,Arabel.Obed@yopmail.com,Arabel.Obed@gmail.com,firefighter
362,Sara-Ann,Voletta,Sara-Ann.Voletta@yopmail.com,Sara-Ann.Voletta@gmail.com,police officer
363,Korrie,Drisko,Korrie.Drisko@yopmail.com,Korrie.Drisko@gmail.com,police officer
364,Cristabel,Alexandr,Cristabel.Alexandr@yopmail.com,Cristabel.Alexandr@gmail.com,police officer
365,Kelly,Saree,Kelly.Saree@yopmail.com,Kelly.Saree@gmail.com,worker
366,Elka,Hilbert,Elka.Hilbert@yopmail.com,Elka.Hilbert@gmail.com,worker
367,Roslyn,Voletta,Roslyn.Voletta@yopmail.com,Roslyn.Voletta@gmail.com,worker
368,Brana,Dudley,Brana.Dudley@yopmail.com,Brana.Dudley@gmail.com,worker
369,Korrie,Pattin,Korrie.Pattin@yopmail.com,Korrie.Pattin@gmail.com,worker
370,Kalina,Moseley,Kalina.Moseley@yopmail.com,Kalina.Moseley@gmail.com,developer
371,Robinia,Lasley,Robinia.Lasley@yopmail.com,Robinia.Lasley@gmail.com,worker
372,Chickie,Aida,Chickie.Aida@yopmail.com,Chickie.Aida@gmail.com,doctor
373,Alie,Borrell,Alie.Borrell@yopmail.com,Alie.Borrell@gmail.com,firefighter
374,Arlena,Blase,Arlena.Blase@yopmail.com,Arlena.Blase@gmail.com,police officer
375,Asia,Gaspard,Asia.Gaspard@yopmail.com,Asia.Gaspard@gmail.com,police officer
376,Joy,Adlare,Joy.Adlare@yopmail.com,Joy.Adlare@gmail.com,developer
377,Ofilia,Angelis,Ofilia.Angelis@yopmail.com,Ofilia.Angelis@gmail.com,police officer
378,Marcelline,Vacuva,Marcelline.Vacuva@yopmail.com,Marcelline.Vacuva@gmail.com,firefighter
379,Mallory,Ventre,Mallory.Ventre@yopmail.com,Mallory.Ventre@gmail.com,developer
380,Chloris,Suk,Chloris.Suk@yopmail.com,Chloris.Suk@gmail.com,developer
381,Queenie,Burch,Queenie.Burch@yopmail.com,Queenie.Burch@gmail.com,firefighter
382,Janeczka,Breed,Janeczka.Breed@yopmail.com,Janeczka.Breed@gmail.com,doctor
383,Lilith,Aprile,Lilith.Aprile@yopmail.com,Lilith.Aprile@gmail.com,worker
384,Britni,Artie,Britni.Artie@yopmail.com,Britni.Artie@gmail.com,developer
385,Sara-Ann,Mendez,Sara-Ann.Mendez@yopmail.com,Sara-Ann.Mendez@gmail.com,developer
386,Gale,Arne,Gale.Arne@yopmail.com,Gale.Arne@gmail.com,worker
387,Theodora,Riordan,Theodora.Riordan@yopmail.com,Theodora.Riordan@gmail.com,worker
388,Elmira,Larochelle,Elmira.Larochelle@yopmail.com,Elmira.Larochelle@gmail.com,developer
389,Cordi,Sharl,Cordi.Sharl@yopmail.com,Cordi.Sharl@gmail.com,doctor
390,Trudie,Franza,Trudie.Franza@yopmail.com,Trudie.Franza@gmail.com,worker
391,Agnese,Peg,Agnese.Peg@yopmail.com,Agnese.Peg@gmail.com,firefighter
392,Elena,Hepsibah,Elena.Hepsibah@yopmail.com,Elena.Hepsibah@gmail.com,police officer
393,Ebonee,Ursulette,Ebonee.Ursulette@yopmail.com,Ebonee.Ursulette@gmail.com,firefighter
394,Janenna,Havens,Janenna.Havens@yopmail.com,Janenna.Havens@gmail.com,firefighter
395,Hayley,Bultman,Hayley.Bultman@yopmail.com,Hayley.Bultman@gmail.com,doctor
396,Beverley,Ambrosia,Beverley.Ambrosia@yopmail.com,Beverley.Ambrosia@gmail.com,police officer
397,Gale,Koehler,Gale.Koehler@yopmail.com,Gale.Koehler@gmail.com,firefighter
398,Sissy,Himelman,Sissy.Himelman@yopmail.com,Sissy.Himelman@gmail.com,police officer
399,Alameda,Kannry,Alameda.Kannry@yopmail.com,Alameda.Kannry@gmail.com,worker
400,Justinn,Atonsah,Justinn.Atonsah@yopmail.com,Justinn.Atonsah@gmail.com,police officer
401,Priscilla,Valoniah,Priscilla.Valoniah@yopmail.com,Priscilla.Valoniah@gmail.com,firefighter
402,Kerrin,Ailyn,Kerrin.Ailyn@yopmail.com,Kerrin.Ailyn@gmail.com,doctor
403,Gavrielle,Valerio,Gavrielle.Valerio@yopmail.com,Gavrielle.Valerio@gmail.com,worker
404,Queenie,Ariella,Queenie.Ariella@yopmail.com,Queenie.Ariella@gmail.com,police officer
405,Ursulina,Sawtelle,Ursulina.Sawtelle@yopmail.com,Ursulina.Sawtelle@gmail.com,worker
406,Elka,Gert,Elka.Gert@yopmail.com,Elka.Gert@gmail.com,firefighter
407,Melina,Alice,Melina.Alice@yopmail.com,Melina.Alice@gmail.com,doctor
408,Mireielle,Neils,Mireielle.Neils@yopmail.com,Mireielle.Neils@gmail.com,worker
409,Madeleine,Wattenberg,Madeleine.Wattenberg@yopmail.com,Madeleine.Wattenberg@gmail.com,firefighter
410,Rosaline,Schalles,Rosaline.Schalles@yopmail.com,Rosaline.Schalles@gmail.com,police officer
411,Rivalee,Leifeste,Rivalee.Leifeste@yopmail.com,Rivalee.Leifeste@gmail.com,doctor
412,Rosaline,Nerita,Rosaline.Nerita@yopmail.com,Rosaline.Nerita@gmail.com,firefighter
413,Henriette,Fitzsimmons,Henriette.Fitzsimmons@yopmail.com,Henriette.Fitzsimmons@gmail.com,doctor
414,Bee,Screens,Bee.Screens@yopmail.com,Bee.Screens@gmail.com,doctor
415,Jolyn,Bollay,Jolyn.Bollay@yopmail.com,Jolyn.Bollay@gmail.com,police officer
416,Kalina,Tice,Kalina.Tice@yopmail.com,Kalina.Tice@gmail.com,police officer
417,Florencia,Gaal,Florencia.Gaal@yopmail.com,Florencia.Gaal@gmail.com,doctor
418,Cristine,Lemuela,Cristine.Lemuela@yopmail.com,Cristine.Lemuela@gmail.com,doctor
419,Corly,Adrienne,Corly.Adrienne@yopmail.com,Corly.Adrienne@gmail.com,firefighter
420,Violet,Waite,Violet.Waite@yopmail.com,Violet.Waite@gmail.com,police officer
421,Fredericka,Rubie,Fredericka.Rubie@yopmail.com,Fredericka.Rubie@gmail.com,worker
422,Lacie,Kiyoshi,Lacie.Kiyoshi@yopmail.com,Lacie.Kiyoshi@gmail.com,developer
423,Lenna,Seagraves,Lenna.Seagraves@yopmail.com,Lenna.Seagraves@gmail.com,developer
424,Anallese,Rosalba,Anallese.Rosalba@yopmail.com,Anallese.Rosalba@gmail.com,firefighter
425,Elie,Fancie,Elie.Fancie@yopmail.com,Elie.Fancie@gmail.com,worker
426,Darlleen,Ummersen,Darlleen.Ummersen@yopmail.com,Darlleen.Ummersen@gmail.com,worker
427,Natka,Corrine,Natka.Corrine@yopmail.com,Natka.Corrine@gmail.com,firefighter
428,Nariko,Roche,Nariko.Roche@yopmail.com,Nariko.Roche@gmail.com,police officer
429,Cindelyn,MacIntosh,Cindelyn.MacIntosh@yopmail.com,Cindelyn.MacIntosh@gmail.com,developer
430,Nariko,Thad,Nariko.Thad@yopmail.com,Nariko.Thad@gmail.com,firefighter
431,Brena,Allare,Brena.Allare@yopmail.com,Brena.Allare@gmail.com,doctor
432,Jeanna,Trace,Jeanna.Trace@yopmail.com,Jeanna.Trace@gmail.com,developer
433,Tierney,Friede,Tierney.Friede@yopmail.com,Tierney.Friede@gmail.com,police officer
434,Joy,Secrest,Joy.Secrest@yopmail.com,Joy.Secrest@gmail.com,police officer
435,Raf,Garbe,Raf.Garbe@yopmail.com,Raf.Garbe@gmail.com,police officer
436,Oralee,Aloise,Oralee.Aloise@yopmail.com,Oralee.Aloise@gmail.com,doctor
437,Mady,Trace,Mady.Trace@yopmail.com,Mady.Trace@gmail.com,firefighter
438,Ericka,Lorain,Ericka.Lorain@yopmail.com,Ericka.Lorain@gmail.com,doctor
439,Linzy,Mike,Linzy.Mike@yopmail.com,Linzy.Mike@gmail.com,doctor
440,Frieda,Dielu,Frieda.Dielu@yopmail.com,Frieda.Dielu@gmail.com,worker
441,Ketti,Casimir,Ketti.Casimir@yopmail.com,Ketti.Casimir@gmail.com,firefighter
442,Gilligan,Weinreb,Gilligan.Weinreb@yopmail.com,Gilligan.Weinreb@gmail.com,developer
443,Patricia,Brackely,Patricia.Brackely@yopmail.com,Patricia.Brackely@gmail.com,worker
444,Merrie,Hepsibah,Merrie.Hepsibah@yopmail.com,Merrie.Hepsibah@gmail.com,worker
445,Eolanda,Pattin,Eolanda.Pattin@yopmail.com,Eolanda.Pattin@gmail.com,doctor
446,Dari,Kevon,Dari.Kevon@yopmail.com,Dari.Kevon@gmail.com,worker
447,Oona,Daniele,Oona.Daniele@yopmail.com,Oona.Daniele@gmail.com,police officer
448,Nita,Boycey,Nita.Boycey@yopmail.com,Nita.Boycey@gmail.com,developer
449,Katuscha,Ezar,Katuscha.Ezar@yopmail.com,Katuscha.Ezar@gmail.com,firefighter
450,Katleen,Jacinda,Katleen.Jacinda@yopmail.com,Katleen.Jacinda@gmail.com,police officer
451,Johna,Dielu,Johna.Dielu@yopmail.com,Johna.Dielu@gmail.com,developer
452,Gwenneth,Ashely,Gwenneth.Ashely@yopmail.com,Gwenneth.Ashely@gmail.com,developer
453,Michaelina,Elephus,Michaelina.Elephus@yopmail.com,Michaelina.Elephus@gmail.com,worker
454,Dulce,Lea,Dulce.Lea@yopmail.com,Dulce.Lea@gmail.com,worker
455,Celestyna,Chinua,Celestyna.Chinua@yopmail.com,Celestyna.Chinua@gmail.com,firefighter
456,Rochette,Strephon,Rochette.Strephon@yopmail.com,Rochette.Strephon@gmail.com,firefighter
457,Brooks,Roscoe,Brooks.Roscoe@yopmail.com,Brooks.Roscoe@gmail.com,worker
458,Oralee,Sherrie,Oralee.Sherrie@yopmail.com,Oralee.Sherrie@gmail.com,police officer
459,Lindie,Anestassia,Lindie.Anestassia@yopmail.com,Lindie.Anestassia@gmail.com,worker
460,Latisha,Amadas,Latisha.Amadas@yopmail.com,Latisha.Amadas@gmail.com,developer
461,Katleen,Marsden,Katleen.Marsden@yopmail.com,Katleen.Marsden@gmail.com,doctor
462,Janenna,Gherardo,Janenna.Gherardo@yopmail.com,Janenna.Gherardo@gmail.com,doctor
463,Edith,Read,Edith.Read@yopmail.com,Edith.Read@gmail.com,worker
464,Berta,Israeli,Berta.Israeli@yopmail.com,Berta.Israeli@gmail.com,police officer
465,Dorene,Jerald,Dorene.Jerald@yopmail.com,Dorene.Jerald@gmail.com,firefighter
466,Teriann,Raseda,Teriann.Raseda@yopmail.com,Teriann.Raseda@gmail.com,developer
467,Allis,Matthew,Allis.Matthew@yopmail.com,Allis.Matthew@gmail.com,worker
468,Jordan,Reidar,Jordan.Reidar@yopmail.com,Jordan.Reidar@gmail.com,firefighter
469,Renie,Byrne,Renie.Byrne@yopmail.com,Renie.Byrne@gmail.com,doctor
470,Charissa,Tryck,Charissa.Tryck@yopmail.com,Charissa.Tryck@gmail.com,police officer
471,Bobinette,Eiser,Bobinette.Eiser@yopmail.com,Bobinette.Eiser@gmail.com,police officer
472,Dale,Nunci,Dale.Nunci@yopmail.com,Dale.Nunci@gmail.com,police officer
473,Ruthe,Darian,Ruthe.Darian@yopmail.com,Ruthe.Darian@gmail.com,firefighter
474,Harmonia,Valoniah,Harmonia.Valoniah@yopmail.com,Harmonia.Valoniah@gmail.com,firefighter
475,Shell,Beebe,Shell.Beebe@yopmail.com,Shell.Beebe@gmail.com,developer
476,Hollie,Jaylene,Hollie.Jaylene@yopmail.com,Hollie.Jaylene@gmail.com,doctor
477,Nanete,Bergman,Nanete.Bergman@yopmail.com,Nanete.Bergman@gmail.com,doctor
478,Tarra,Gregrory,Tarra.Gregrory@yopmail.com,Tarra.Gregrory@gmail.com,worker
479,Rayna,Jacinda,Rayna.Jacinda@yopmail.com,Rayna.Jacinda@gmail.com,worker
480,Nelle,Haerr,Nelle.Haerr@yopmail.com,Nelle.Haerr@gmail.com,police officer
481,Kamilah,Cutlerr,Kamilah.Cutlerr@yopmail.com,Kamilah.Cutlerr@gmail.com,worker
482,Jessamyn,Janene,Jessamyn.Janene@yopmail.com,Jessamyn.Janene@gmail.com,worker
483,Bibby,Melleta,Bibby.Melleta@yopmail.com,Bibby.Melleta@gmail.com,developer
484,Max,Lauraine,Max.Lauraine@yopmail.com,Max.Lauraine@gmail.com,doctor
485,Dianemarie,Hourigan,Dianemarie.Hourigan@yopmail.com,Dianemarie.Hourigan@gmail.com,police officer
486,Raquela,Erminia,Raquela.Erminia@yopmail.com,Raquela.Erminia@gmail.com,worker
487,Esmeralda,Meli,Esmeralda.Meli@yopmail.com,Esmeralda.Meli@gmail.com,developer
488,Aryn,Bow,Aryn.Bow@yopmail.com,Aryn.Bow@gmail.com,doctor
489,Dede,Sandye,Dede.Sandye@yopmail.com,Dede.Sandye@gmail.com,worker
490,Randa,Ralfston,Randa.Ralfston@yopmail.com,Randa.Ralfston@gmail.com,developer
491,Justinn,Reidar,Justinn.Reidar@yopmail.com,Justinn.Reidar@gmail.com,developer
492,Lynnea,Sibyls,Lynnea.Sibyls@yopmail.com,Lynnea.Sibyls@gmail.com,worker
493,Myrtice,Durante,Myrtice.Durante@yopmail.com,Myrtice.Durante@gmail.com,worker
494,Eolanda,Teryn,Eolanda.Teryn@yopmail.com,Eolanda.Teryn@gmail.com,worker
495,Correy,Medrek,Correy.Medrek@yopmail.com,Correy.Medrek@gmail.com,firefighter
496,Charissa,Raseda,Charissa.Raseda@yopmail.com,Charissa.Raseda@gmail.com,developer
497,Dorene,Nahum,Dorene.Nahum@yopmail.com,Dorene.Nahum@gmail.com,doctor
498,Phylis,Belldas,Phylis.Belldas@yopmail.com,Phylis.Belldas@gmail.com,firefighter
499,Hermione,Judye,Hermione.Judye@yopmail.com,Hermione.Judye@gmail.com,police officer
500,Mureil,Teryn,Mureil.Teryn@yopmail.com,Mureil.Teryn@gmail.com,police officer
501,Diena,Sacken,Diena.Sacken@yopmail.com,Diena.Sacken@gmail.com,doctor
502,Ilse,Hepsibah,Ilse.Hepsibah@yopmail.com,Ilse.Hepsibah@gmail.com,doctor
503,Demetris,Karna,Demetris.Karna@yopmail.com,Demetris.Karna@gmail.com,doctor
504,Luci,Laurianne,Luci.Laurianne@yopmail.com,Luci.Laurianne@gmail.com,police officer
505,Shell,Emanuel,Shell.Emanuel@yopmail.com,Shell.Emanuel@gmail.com,police officer
506,Regina,Colyer,Regina.Colyer@yopmail.com,Regina.Colyer@gmail.com,worker
507,Juliane,Terrence,Juliane.Terrence@yopmail.com,Juliane.Terrence@gmail.com,police officer
508,Chastity,Serilda,Chastity.Serilda@yopmail.com,Chastity.Serilda@gmail.com,firefighter
509,Ingrid,Whittaker,Ingrid.Whittaker@yopmail.com,Ingrid.Whittaker@gmail.com,police officer
510,Karlee,Skell,Karlee.Skell@yopmail.com,Karlee.Skell@gmail.com,worker
511,Molli,Kauppi,Molli.Kauppi@yopmail.com,Molli.Kauppi@gmail.com,doctor
512,Cristabel,Percy,Cristabel.Percy@yopmail.com,Cristabel.Percy@gmail.com,doctor
513,Kaja,Roscoe,Kaja.Roscoe@yopmail.com,Kaja.Roscoe@gmail.com,firefighter
514,Lita,Horan,Lita.Horan@yopmail.com,Lita.Horan@gmail.com,worker
515,Annecorinne,Donell,Annecorinne.Donell@yopmail.com,Annecorinne.Donell@gmail.com,doctor
516,Korrie,Azeria,Korrie.Azeria@yopmail.com,Korrie.Azeria@gmail.com,firefighter
517,Elise,Brunell,Elise.Brunell@yopmail.com,Elise.Brunell@gmail.com,doctor
518,Queenie,Kathie,Queenie.Kathie@yopmail.com,Queenie.Kathie@gmail.com,doctor
519,Fanchon,Maurine,Fanchon.Maurine@yopmail.com,Fanchon.Maurine@gmail.com,firefighter
520,Mignon,Whiffen,Mignon.Whiffen@yopmail.com,Mignon.Whiffen@gmail.com,worker
521,Merrie,Marden,Merrie.Marden@yopmail.com,Merrie.Marden@gmail.com,police officer
522,Damaris,Percy,Damaris.Percy@yopmail.com,Damaris.Percy@gmail.com,firefighter
523,Frances,Korey,Frances.Korey@yopmail.com,Frances.Korey@gmail.com,developer
524,Hettie,Imelida,Hettie.Imelida@yopmail.com,Hettie.Imelida@gmail.com,firefighter
525,Eadie,Winthorpe,Eadie.Winthorpe@yopmail.com,Eadie.Winthorpe@gmail.com,developer
526,Rhoda,Stevy,Rhoda.Stevy@yopmail.com,Rhoda.Stevy@gmail.com,worker
527,Daphne,Trace,Daphne.Trace@yopmail.com,Daphne.Trace@gmail.com,developer
528,Laure,Verger,Laure.Verger@yopmail.com,Laure.Verger@gmail.com,firefighter
529,Vonny,Shuler,Vonny.Shuler@yopmail.com,Vonny.Shuler@gmail.com,police officer
530,Lenna,Greyson,Lenna.Greyson@yopmail.com,Lenna.Greyson@gmail.com,developer
531,Yolane,Robertson,Yolane.Robertson@yopmail.com,Yolane.Robertson@gmail.com,worker
532,Lucille,Berard,Lucille.Berard@yopmail.com,Lucille.Berard@gmail.com,worker
533,Hyacinthe,Eckblad,Hyacinthe.Eckblad@yopmail.com,Hyacinthe.Eckblad@gmail.com,police officer
534,Florie,Loleta,Florie.Loleta@yopmail.com,Florie.Loleta@gmail.com,worker
535,Janey,Richers,Janey.Richers@yopmail.com,Janey.Richers@gmail.com,worker
536,Brooks,Turne,Brooks.Turne@yopmail.com,Brooks.Turne@gmail.com,firefighter
537,Kimberley,Ogren,Kimberley.Ogren@yopmail.com,Kimberley.Ogren@gmail.com,doctor
538,Ulrike,Willie,Ulrike.Willie@yopmail.com,Ulrike.Willie@gmail.com,developer
539,Gilda,Shields,Gilda.Shields@yopmail.com,Gilda.Shields@gmail.com,firefighter
540,Augustine,Heisel,Augustine.Heisel@yopmail.com,Augustine.Heisel@gmail.com,police officer
541,Steffane,Gahl,Steffane.Gahl@yopmail.com,Steffane.Gahl@gmail.com,worker
542,Shel,Bronk,Shel.Bronk@yopmail.com,Shel.Bronk@gmail.com,police officer
543,Catrina,Sperling,Catrina.Sperling@yopmail.com,Catrina.Sperling@gmail.com,police officer
544,Kaja,Bow,Kaja.Bow@yopmail.com,Kaja.Bow@gmail.com,police officer
545,Olivette,August,Olivette.August@yopmail.com,Olivette.August@gmail.com,worker
546,Ginnie,Haymes,Ginnie.Haymes@yopmail.com,Ginnie.Haymes@gmail.com,worker
547,Brana,Selway,Brana.Selway@yopmail.com,Brana.Selway@gmail.com,firefighter
548,Kayla,Elvyn,Kayla.Elvyn@yopmail.com,Kayla.Elvyn@gmail.com,doctor
549,Etta,Brotherson,Etta.Brotherson@yopmail.com,Etta.Brotherson@gmail.com,developer
550,Alyda,Doig,Alyda.Doig@yopmail.com,Alyda.Doig@gmail.com,police officer
551,Dotty,Cristi,Dotty.Cristi@yopmail.com,Dotty.Cristi@gmail.com,firefighter
552,Adriana,Center,Adriana.Center@yopmail.com,Adriana.Center@gmail.com,developer
553,Sam,Screens,Sam.Screens@yopmail.com,Sam.Screens@gmail.com,police officer
554,Annecorinne,Clarissa,Annecorinne.Clarissa@yopmail.com,Annecorinne.Clarissa@gmail.com,police officer
555,Elbertina,Taima,Elbertina.Taima@yopmail.com,Elbertina.Taima@gmail.com,developer
556,Helsa,Mehalek,Helsa.Mehalek@yopmail.com,Helsa.Mehalek@gmail.com,firefighter
557,Ilse,Carvey,Ilse.Carvey@yopmail.com,Ilse.Carvey@gmail.com,doctor
558,Bernie,Juan,Bernie.Juan@yopmail.com,Bernie.Juan@gmail.com,developer
559,Vivia,Old,Vivia.Old@yopmail.com,Vivia.Old@gmail.com,doctor
560,Ira,Bergman,Ira.Bergman@yopmail.com,Ira.Bergman@gmail.com,developer
561,Carol-Jean,Percy,Carol-Jean.Percy@yopmail.com,Carol-Jean.Percy@gmail.com,doctor
562,Wanda,Gahl,Wanda.Gahl@yopmail.com,Wanda.Gahl@gmail.com,police officer
563,Joceline,Janith,Joceline.Janith@yopmail.com,Joceline.Janith@gmail.com,police officer
564,Shaine,Love,Shaine.Love@yopmail.com,Shaine.Love@gmail.com,worker
565,Aigneis,Harday,Aigneis.Harday@yopmail.com,Aigneis.Harday@gmail.com,firefighter
566,Priscilla,Mathilde,Priscilla.Mathilde@yopmail.com,Priscilla.Mathilde@gmail.com,firefighter
567,Brynna,Aurelio,Brynna.Aurelio@yopmail.com,Brynna.Aurelio@gmail.com,doctor
568,Sara-Ann,Fabiola,Sara-Ann.Fabiola@yopmail.com,Sara-Ann.Fabiola@gmail.com,developer
569,Addia,Egbert,Addia.Egbert@yopmail.com,Addia.Egbert@gmail.com,worker
570,Xylina,Gaspard,Xylina.Gaspard@yopmail.com,Xylina.Gaspard@gmail.com,firefighter
571,Pierette,Gabrielli,Pierette.Gabrielli@yopmail.com,Pierette.Gabrielli@gmail.com,doctor
572,Dulce,Fillbert,Dulce.Fillbert@yopmail.com,Dulce.Fillbert@gmail.com,doctor
573,Orelia,Felizio,Orelia.Felizio@yopmail.com,Orelia.Felizio@gmail.com,doctor
574,Laure,Mata,Laure.Mata@yopmail.com,Laure.Mata@gmail.com,developer
575,Yetty,Faria,Yetty.Faria@yopmail.com,Yetty.Faria@gmail.com,doctor
576,Claresta,Brittani,Claresta.Brittani@yopmail.com,Claresta.Brittani@gmail.com,worker
577,Sophia,Goth,Sophia.Goth@yopmail.com,Sophia.Goth@gmail.com,doctor
578,Christian,Old,Christian.Old@yopmail.com,Christian.Old@gmail.com,developer
579,Olwen,Seagraves,Olwen.Seagraves@yopmail.com,Olwen.Seagraves@gmail.com,police officer
580,Jerry,Breed,Jerry.Breed@yopmail.com,Jerry.Breed@gmail.com,worker
581,Bertine,Martsen,Bertine.Martsen@yopmail.com,Bertine.Martsen@gmail.com,developer
582,Demetris,Secrest,Demetris.Secrest@yopmail.com,Demetris.Secrest@gmail.com,police officer
583,Sam,Hull,Sam.Hull@yopmail.com,Sam.Hull@gmail.com,police officer
584,Candy,Bivins,Candy.Bivins@yopmail.com,Candy.Bivins@gmail.com,doctor
585,Nananne,Holbrook,Nananne.Holbrook@yopmail.com,Nananne.Holbrook@gmail.com,doctor
586,Carilyn,Wilkinson,Carilyn.Wilkinson@yopmail.com,Carilyn.Wilkinson@gmail.com,police officer
587,Penelopa,Cadmar,Penelopa.Cadmar@yopmail.com,Penelopa.Cadmar@gmail.com,police officer
588,Renae,Annice,Renae.Annice@yopmail.com,Renae.Annice@gmail.com,police officer
589,Jorry,Olympium,Jorry.Olympium@yopmail.com,Jorry.Olympium@gmail.com,worker
590,Fayre,Goddard,Fayre.Goddard@yopmail.com,Fayre.Goddard@gmail.com,doctor
591,Claresta,Sparhawk,Claresta.Sparhawk@yopmail.com,Claresta.Sparhawk@gmail.com,police officer
592,Gertrud,Evangelia,Gertrud.Evangelia@yopmail.com,Gertrud.Evangelia@gmail.com,firefighter
593,Dale,Gladstone,Dale.Gladstone@yopmail.com,Dale.Gladstone@gmail.com,firefighter
594,Winny,Burkle,Winny.Burkle@yopmail.com,Winny.Burkle@gmail.com,police officer
595,Feliza,Peonir,Feliza.Peonir@yopmail.com,Feliza.Peonir@gmail.com,worker
596,Marleah,Konyn,Marleah.Konyn@yopmail.com,Marleah.Konyn@gmail.com,developer
597,Fanchon,Velick,Fanchon.Velick@yopmail.com,Fanchon.Velick@gmail.com,worker
598,Janey,Terrence,Janey.Terrence@yopmail.com,Janey.Terrence@gmail.com,worker
599,Nickie,Kesley,Nickie.Kesley@yopmail.com,Nickie.Kesley@gmail.com,worker
600,Anthia,Tristram,Anthia.Tristram@yopmail.com,Anthia.Tristram@gmail.com,developer
601,Diena,Kimmie,Diena.Kimmie@yopmail.com,Diena.Kimmie@gmail.com,worker
602,Correy,Helve,Correy.Helve@yopmail.com,Correy.Helve@gmail.com,police officer
603,Fernande,Hurley,Fernande.Hurley@yopmail.com,Fernande.Hurley@gmail.com,worker
604,Valeda,Wittie,Valeda.Wittie@yopmail.com,Valeda.Wittie@gmail.com,doctor
605,Sybille,McGrody,Sybille.McGrody@yopmail.com,Sybille.McGrody@gmail.com,worker
606,Elsie,Ivens,Elsie.Ivens@yopmail.com,Elsie.Ivens@gmail.com,police officer
607,Carlie,Vacuva,Carlie.Vacuva@yopmail.com,Carlie.Vacuva@gmail.com,doctor
608,Sidoney,Leary,Sidoney.Leary@yopmail.com,Sidoney.Leary@gmail.com,doctor
609,Aubrie,Kamaria,Aubrie.Kamaria@yopmail.com,Aubrie.Kamaria@gmail.com,worker
610,Jillayne,Elsinore,Jillayne.Elsinore@yopmail.com,Jillayne.Elsinore@gmail.com,doctor
611,Joane,Septima,Joane.Septima@yopmail.com,Joane.Septima@gmail.com,firefighter
612,Brietta,Milde,Brietta.Milde@yopmail.com,Brietta.Milde@gmail.com,police officer
613,Paola,Xerxes,Paola.Xerxes@yopmail.com,Paola.Xerxes@gmail.com,police officer
614,Nessie,Catie,Nessie.Catie@yopmail.com,Nessie.Catie@gmail.com,developer
615,Kerrin,Lorain,Kerrin.Lorain@yopmail.com,Kerrin.Lorain@gmail.com,doctor
616,Jenda,Ranjiv,Jenda.Ranjiv@yopmail.com,Jenda.Ranjiv@gmail.com,police officer
617,Taffy,Naashom,Taffy.Naashom@yopmail.com,Taffy.Naashom@gmail.com,firefighter
618,Tabbatha,Jeanne,Tabbatha.Jeanne@yopmail.com,Tabbatha.Jeanne@gmail.com,doctor
619,Jerry,Vernier,Jerry.Vernier@yopmail.com,Jerry.Vernier@gmail.com,doctor
620,Ardys,Johanna,Ardys.Johanna@yopmail.com,Ardys.Johanna@gmail.com,police officer
621,Dorothy,Masao,Dorothy.Masao@yopmail.com,Dorothy.Masao@gmail.com,firefighter
622,Ethel,Gino,Ethel.Gino@yopmail.com,Ethel.Gino@gmail.com,developer
623,Veda,Stuart,Veda.Stuart@yopmail.com,Veda.Stuart@gmail.com,firefighter
624,Aubrie,Ammann,Aubrie.Ammann@yopmail.com,Aubrie.Ammann@gmail.com,worker
625,Georgetta,Aprile,Georgetta.Aprile@yopmail.com,Georgetta.Aprile@gmail.com,worker
626,Chickie,Belanger,Chickie.Belanger@yopmail.com,Chickie.Belanger@gmail.com,worker
627,Adore,Leffen,Adore.Leffen@yopmail.com,Adore.Leffen@gmail.com,firefighter
628,Evita,Ehrman,Evita.Ehrman@yopmail.com,Evita.Ehrman@gmail.com,firefighter
629,Jere,Melan,Jere.Melan@yopmail.com,Jere.Melan@gmail.com,doctor
630,Susan,Lenny,Susan.Lenny@yopmail.com,Susan.Lenny@gmail.com,doctor
631,Deirdre,Lareena,Deirdre.Lareena@yopmail.com,Deirdre.Lareena@gmail.com,police officer
632,Melina,Jary,Melina.Jary@yopmail.com,Melina.Jary@gmail.com,firefighter
633,Yolane,Giff,Yolane.Giff@yopmail.com,Yolane.Giff@gmail.com,worker
634,Dorothy,Merna,Dorothy.Merna@yopmail.com,Dorothy.Merna@gmail.com,police officer
635,Margette,Ferrell,Margette.Ferrell@yopmail.com,Margette.Ferrell@gmail.com,worker
636,Aigneis,Jarib,Aigneis.Jarib@yopmail.com,Aigneis.Jarib@gmail.com,worker
637,Modestia,Garlinda,Modestia.Garlinda@yopmail.com,Modestia.Garlinda@gmail.com,worker
638,Nerta,August,Nerta.August@yopmail.com,Nerta.August@gmail.com,firefighter
639,Lynnea,Radu,Lynnea.Radu@yopmail.com,Lynnea.Radu@gmail.com,worker
640,Brietta,Hailee,Brietta.Hailee@yopmail.com,Brietta.Hailee@gmail.com,doctor
641,Eugine,Ferino,Eugine.Ferino@yopmail.com,Eugine.Ferino@gmail.com,firefighter
642,Halette,Doig,Halette.Doig@yopmail.com,Halette.Doig@gmail.com,worker
643,Ashlee,Mata,Ashlee.Mata@yopmail.com,Ashlee.Mata@gmail.com,doctor
644,Heida,Amasa,Heida.Amasa@yopmail.com,Heida.Amasa@gmail.com,doctor
645,Wileen,Cath,Wileen.Cath@yopmail.com,Wileen.Cath@gmail.com,firefighter
646,Shell,Alwin,Shell.Alwin@yopmail.com,Shell.Alwin@gmail.com,firefighter
647,Elka,Maryanne,Elka.Maryanne@yopmail.com,Elka.Maryanne@gmail.com,developer
648,Quintina,Kirstin,Quintina.Kirstin@yopmail.com,Quintina.Kirstin@gmail.com,developer
649,Ernesta,Naor,Ernesta.Naor@yopmail.com,Ernesta.Naor@gmail.com,worker
650,Mathilda,Maiah,Mathilda.Maiah@yopmail.com,Mathilda.Maiah@gmail.com,developer
651,Cacilie,Boycey,Cacilie.Boycey@yopmail.com,Cacilie.Boycey@gmail.com,developer
652,Nyssa,Gunn,Nyssa.Gunn@yopmail.com,Nyssa.Gunn@gmail.com,developer
653,Pamella,Koziara,Pamella.Koziara@yopmail.com,Pamella.Koziara@gmail.com,firefighter
654,Marjie,Vastah,Marjie.Vastah@yopmail.com,Marjie.Vastah@gmail.com,developer
655,Mara,McGrody,Mara.McGrody@yopmail.com,Mara.McGrody@gmail.com,police officer
656,Fred,McCutcheon,Fred.McCutcheon@yopmail.com,Fred.McCutcheon@gmail.com,firefighter
657,Danika,Nunci,Danika.Nunci@yopmail.com,Danika.Nunci@gmail.com,police officer
658,Corina,Wiener,Corina.Wiener@yopmail.com,Corina.Wiener@gmail.com,worker
659,Nonnah,Arvo,Nonnah.Arvo@yopmail.com,Nonnah.Arvo@gmail.com,developer
660,Ericka,Winthorpe,Ericka.Winthorpe@yopmail.com,Ericka.Winthorpe@gmail.com,worker
661,Shaine,Syd,Shaine.Syd@yopmail.com,Shaine.Syd@gmail.com,developer
662,Carlie,Carvey,Carlie.Carvey@yopmail.com,Carlie.Carvey@gmail.com,police officer
663,Flory,Giff,Flory.Giff@yopmail.com,Flory.Giff@gmail.com,firefighter
664,Nannie,Podvin,Nannie.Podvin@yopmail.com,Nannie.Podvin@gmail.com,developer
665,Cissiee,Ivens,Cissiee.Ivens@yopmail.com,Cissiee.Ivens@gmail.com,worker
666,Paola,Liebermann,Paola.Liebermann@yopmail.com,Paola.Liebermann@gmail.com,developer
667,Claudina,Rudolph,Claudina.Rudolph@yopmail.com,Claudina.Rudolph@gmail.com,police officer
668,Shauna,Ardra,Shauna.Ardra@yopmail.com,Shauna.Ardra@gmail.com,doctor
669,Cherilyn,Socha,Cherilyn.Socha@yopmail.com,Cherilyn.Socha@gmail.com,firefighter
670,Rhoda,Mayeda,Rhoda.Mayeda@yopmail.com,Rhoda.Mayeda@gmail.com,firefighter
671,Josephine,Jerald,Josephine.Jerald@yopmail.com,Josephine.Jerald@gmail.com,police officer
672,Alia,Zeeba,Alia.Zeeba@yopmail.com,Alia.Zeeba@gmail.com,firefighter
673,Tersina,Emmy,Tersina.Emmy@yopmail.com,Tersina.Emmy@gmail.com,worker
674,Morganica,Rurik,Morganica.Rurik@yopmail.com,Morganica.Rurik@gmail.com,police officer
675,Vere,Judye,Vere.Judye@yopmail.com,Vere.Judye@gmail.com,developer
676,Arabel,Dowski,Arabel.Dowski@yopmail.com,Arabel.Dowski@gmail.com,doctor
677,Mariann,Borrell,Mariann.Borrell@yopmail.com,Mariann.Borrell@gmail.com,developer
678,Linzy,Ambrosia,Linzy.Ambrosia@yopmail.com,Linzy.Ambrosia@gmail.com,worker
679,Sabina,Donoghue,Sabina.Donoghue@yopmail.com,Sabina.Donoghue@gmail.com,developer
680,Charissa,Cornelia,Charissa.Cornelia@yopmail.com,Charissa.Cornelia@gmail.com,developer
681,Dania,Anis,Dania.Anis@yopmail.com,Dania.Anis@gmail.com,police officer
682,Aili,Francene,Aili.Francene@yopmail.com,Aili.Francene@gmail.com,developer
683,Mireielle,Joseph,Mireielle.Joseph@yopmail.com,Mireielle.Joseph@gmail.com,developer
684,Justinn,Alwin,Justinn.Alwin@yopmail.com,Justinn.Alwin@gmail.com,developer
685,Gisela,Trey,Gisela.Trey@yopmail.com,Gisela.Trey@gmail.com,doctor
686,Molli,Keelia,Molli.Keelia@yopmail.com,Molli.Keelia@gmail.com,worker
687,Evita,Esmaria,Evita.Esmaria@yopmail.com,Evita.Esmaria@gmail.com,developer
688,Talya,Lory,Talya.Lory@yopmail.com,Talya.Lory@gmail.com,developer
689,Cassandra,Gahl,Cassandra.Gahl@yopmail.com,Cassandra.Gahl@gmail.com,worker
690,Bobbi,Norvol,Bobbi.Norvol@yopmail.com,Bobbi.Norvol@gmail.com,doctor
691,Donnie,Naor,Donnie.Naor@yopmail.com,Donnie.Naor@gmail.com,firefighter
692,Jean,Durante,Jean.Durante@yopmail.com,Jean.Durante@gmail.com,developer
693,Christian,Fry,Christian.Fry@yopmail.com,Christian.Fry@gmail.com,doctor
694,Aimil,Hebner,Aimil.Hebner@yopmail.com,Aimil.Hebner@gmail.com,firefighter
695,Sean,Carleen,Sean.Carleen@yopmail.com,Sean.Carleen@gmail.com,developer
696,Nita,Magnolia,Nita.Magnolia@yopmail.com,Nita.Magnolia@gmail.com,firefighter
697,Jaclyn,Curren,Jaclyn.Curren@yopmail.com,Jaclyn.Curren@gmail.com,doctor
698,Corry,Elbertina,Corry.Elbertina@yopmail.com,Corry.Elbertina@gmail.com,police officer
699,Priscilla,Hanleigh,Priscilla.Hanleigh@yopmail.com,Priscilla.Hanleigh@gmail.com,firefighter
700,Lanae,Blase,Lanae.Blase@yopmail.com,Lanae.Blase@gmail.com,firefighter
701,Lynnea,Robertson,Lynnea.Robertson@yopmail.com,Lynnea.Robertson@gmail.com,doctor
702,Damaris,Karylin,Damaris.Karylin@yopmail.com,Damaris.Karylin@gmail.com,worker
703,Konstance,Gavrila,Konstance.Gavrila@yopmail.com,Konstance.Gavrila@gmail.com,worker
704,Petronia,Arley,Petronia.Arley@yopmail.com,Petronia.Arley@gmail.com,firefighter
705,Candi,Elsinore,Candi.Elsinore@yopmail.com,Candi.Elsinore@gmail.com,doctor
706,Iseabal,Girardo,Iseabal.Girardo@yopmail.com,Iseabal.Girardo@gmail.com,developer
707,Corly,Lucienne,Corly.Lucienne@yopmail.com,Corly.Lucienne@gmail.com,doctor
708,Rozele,Francene,Rozele.Francene@yopmail.com,Rozele.Francene@gmail.com,police officer
709,Tobe,Curren,Tobe.Curren@yopmail.com,Tobe.Curren@gmail.com,firefighter
710,Alie,Kristi,Alie.Kristi@yopmail.com,Alie.Kristi@gmail.com,developer
711,Deirdre,Lia,Deirdre.Lia@yopmail.com,Deirdre.Lia@gmail.com,developer
712,Brianna,Natalia,Brianna.Natalia@yopmail.com,Brianna.Natalia@gmail.com,firefighter
713,Leontine,Chabot,Leontine.Chabot@yopmail.com,Leontine.Chabot@gmail.com,worker
714,Rayna,Dawkins,Rayna.Dawkins@yopmail.com,Rayna.Dawkins@gmail.com,firefighter
715,Babita,Haerr,Babita.Haerr@yopmail.com,Babita.Haerr@gmail.com,doctor
716,Damaris,Liva,Damaris.Liva@yopmail.com,Damaris.Liva@gmail.com,doctor
717,Annora,Ioab,Annora.Ioab@yopmail.com,Annora.Ioab@gmail.com,worker
718,Fanchon,Hathaway,Fanchon.Hathaway@yopmail.com,Fanchon.Hathaway@gmail.com,firefighter
719,Jere,Baylor,Jere.Baylor@yopmail.com,Jere.Baylor@gmail.com,worker
720,Carmela,Eckblad,Carmela.Eckblad@yopmail.com,Carmela.Eckblad@gmail.com,firefighter
721,Elie,Blake,Elie.Blake@yopmail.com,Elie.Blake@gmail.com,worker
722,Daryl,Kesley,Daryl.Kesley@yopmail.com,Daryl.Kesley@gmail.com,police officer
723,Katleen,Wilona,Katleen.Wilona@yopmail.com,Katleen.Wilona@gmail.com,worker
724,Charlena,Genna,Charlena.Genna@yopmail.com,Charlena.Genna@gmail.com,worker
725,Robinia,Dahlia,Robinia.Dahlia@yopmail.com,Robinia.Dahlia@gmail.com,firefighter
726,Alia,Arley,Alia.Arley@yopmail.com,Alia.Arley@gmail.com,doctor
727,Keelia,Concha,Keelia.Concha@yopmail.com,Keelia.Concha@gmail.com,police officer
728,Phedra,Ramona,Phedra.Ramona@yopmail.com,Phedra.Ramona@gmail.com,doctor
729,Sara-Ann,Dearborn,Sara-Ann.Dearborn@yopmail.com,Sara-Ann.Dearborn@gmail.com,police officer
730,Dale,Tengdin,Dale.Tengdin@yopmail.com,Dale.Tengdin@gmail.com,developer
731,Shandie,Stuart,Shandie.Stuart@yopmail.com,Shandie.Stuart@gmail.com,police officer
732,Lexine,Dulciana,Lexine.Dulciana@yopmail.com,Lexine.Dulciana@gmail.com,police officer
733,Helena,Vacuva,Helena.Vacuva@yopmail.com,Helena.Vacuva@gmail.com,developer
734,Dorothy,Fitzsimmons,Dorothy.Fitzsimmons@yopmail.com,Dorothy.Fitzsimmons@gmail.com,developer
735,Millie,Neva,Millie.Neva@yopmail.com,Millie.Neva@gmail.com,developer
736,Madalyn,Linehan,Madalyn.Linehan@yopmail.com,Madalyn.Linehan@gmail.com,developer
737,Kirbee,Fosque,Kirbee.Fosque@yopmail.com,Kirbee.Fosque@gmail.com,worker
738,Sonni,Carleen,Sonni.Carleen@yopmail.com,Sonni.Carleen@gmail.com,doctor
739,Xylina,Beniamino,Xylina.Beniamino@yopmail.com,Xylina.Beniamino@gmail.com,worker
740,Zaria,Faro,Zaria.Faro@yopmail.com,Zaria.Faro@gmail.com,doctor
741,Adore,Stacy,Adore.Stacy@yopmail.com,Adore.Stacy@gmail.com,developer
742,Rozele,Sothena,Rozele.Sothena@yopmail.com,Rozele.Sothena@gmail.com,doctor
743,Addia,Judye,Addia.Judye@yopmail.com,Addia.Judye@gmail.com,developer
744,Margalo,Raama,Margalo.Raama@yopmail.com,Margalo.Raama@gmail.com,firefighter
745,Vere,Ilka,Vere.Ilka@yopmail.com,Vere.Ilka@gmail.com,developer
746,Janis,Infield,Janis.Infield@yopmail.com,Janis.Infield@gmail.com,police officer
747,Mariann,Melony,Mariann.Melony@yopmail.com,Mariann.Melony@gmail.com,doctor
748,Fayre,Shaddock,Fayre.Shaddock@yopmail.com,Fayre.Shaddock@gmail.com,police officer
749,Albertina,Kannry,Albertina.Kannry@yopmail.com,Albertina.Kannry@gmail.com,doctor
750,Aaren,Iiette,Aaren.Iiette@yopmail.com,Aaren.Iiette@gmail.com,police officer
751,Merci,Gombach,Merci.Gombach@yopmail.com,Merci.Gombach@gmail.com,developer
752,Roseline,Nea,Roseline.Nea@yopmail.com,Roseline.Nea@gmail.com,developer
753,Sandie,Morehouse,Sandie.Morehouse@yopmail.com,Sandie.Morehouse@gmail.com,worker
754,Damaris,Philipp,Damaris.Philipp@yopmail.com,Damaris.Philipp@gmail.com,police officer
755,Pearline,Berl,Pearline.Berl@yopmail.com,Pearline.Berl@gmail.com,firefighter
756,Phedra,Gwenore,Phedra.Gwenore@yopmail.com,Phedra.Gwenore@gmail.com,worker
757,Dulcinea,Jary,Dulcinea.Jary@yopmail.com,Dulcinea.Jary@gmail.com,worker
758,Barbi,Niles,Barbi.Niles@yopmail.com,Barbi.Niles@gmail.com,worker
759,Georgetta,Libna,Georgetta.Libna@yopmail.com,Georgetta.Libna@gmail.com,developer
760,Tybie,Cleo,Tybie.Cleo@yopmail.com,Tybie.Cleo@gmail.com,doctor
761,Marline,Presber,Marline.Presber@yopmail.com,Marline.Presber@gmail.com,doctor
762,Sidoney,Newell,Sidoney.Newell@yopmail.com,Sidoney.Newell@gmail.com,doctor
763,Laure,Lytton,Laure.Lytton@yopmail.com,Laure.Lytton@gmail.com,developer
764,Christian,Goode,Christian.Goode@yopmail.com,Christian.Goode@gmail.com,doctor
765,Elora,Orelee,Elora.Orelee@yopmail.com,Elora.Orelee@gmail.com,developer
766,Edee,Trace,Edee.Trace@yopmail.com,Edee.Trace@gmail.com,worker
767,Angelique,Deegan,Angelique.Deegan@yopmail.com,Angelique.Deegan@gmail.com,developer
768,Nelle,Delp,Nelle.Delp@yopmail.com,Nelle.Delp@gmail.com,worker
769,Ida,Francyne,Ida.Francyne@yopmail.com,Ida.Francyne@gmail.com,worker
770,Inga,Taima,Inga.Taima@yopmail.com,Inga.Taima@gmail.com,worker
771,Ayn,Ries,Ayn.Ries@yopmail.com,Ayn.Ries@gmail.com,police officer
772,Charmaine,Jorgan,Charmaine.Jorgan@yopmail.com,Charmaine.Jorgan@gmail.com,developer
773,Ira,Dominy,Ira.Dominy@yopmail.com,Ira.Dominy@gmail.com,developer
774,Ebonee,Sikorski,Ebonee.Sikorski@yopmail.com,Ebonee.Sikorski@gmail.com,doctor
775,Dagmar,Israeli,Dagmar.Israeli@yopmail.com,Dagmar.Israeli@gmail.com,police officer
776,Lexine,Meter,Lexine.Meter@yopmail.com,Lexine.Meter@gmail.com,firefighter
777,Max,Lesley,Max.Lesley@yopmail.com,Max.Lesley@gmail.com,firefighter
778,Melanie,Jary,Melanie.Jary@yopmail.com,Melanie.Jary@gmail.com,developer
779,Dianemarie,Garbe,Dianemarie.Garbe@yopmail.com,Dianemarie.Garbe@gmail.com,firefighter
780,Gretal,Bethany,Gretal.Bethany@yopmail.com,Gretal.Bethany@gmail.com,firefighter
781,Lolita,Seligman,Lolita.Seligman@yopmail.com,Lolita.Seligman@gmail.com,police officer
782,Libbie,Irmine,Libbie.Irmine@yopmail.com,Libbie.Irmine@gmail.com,developer
783,Fayre,Weitman,Fayre.Weitman@yopmail.com,Fayre.Weitman@gmail.com,police officer
784,Ingrid,Sibyls,Ingrid.Sibyls@yopmail.com,Ingrid.Sibyls@gmail.com,developer
785,Meriel,Mitzi,Meriel.Mitzi@yopmail.com,Meriel.Mitzi@gmail.com,doctor
786,Sherrie,Rugen,Sherrie.Rugen@yopmail.com,Sherrie.Rugen@gmail.com,developer
787,Sidoney,Han,Sidoney.Han@yopmail.com,Sidoney.Han@gmail.com,worker
788,Nikki,Shaver,Nikki.Shaver@yopmail.com,Nikki.Shaver@gmail.com,police officer
789,Sophia,Salvidor,Sophia.Salvidor@yopmail.com,Sophia.Salvidor@gmail.com,doctor
790,Brana,Dichy,Brana.Dichy@yopmail.com,Brana.Dichy@gmail.com,developer
791,Mireielle,Obed,Mireielle.Obed@yopmail.com,Mireielle.Obed@gmail.com,worker
792,Ekaterina,Dex,Ekaterina.Dex@yopmail.com,Ekaterina.Dex@gmail.com,police officer
793,Lucille,Maisey,Lucille.Maisey@yopmail.com,Lucille.Maisey@gmail.com,doctor
794,Danika,Drisko,Danika.Drisko@yopmail.com,Danika.Drisko@gmail.com,firefighter
795,Audrie,Ball,Audrie.Ball@yopmail.com,Audrie.Ball@gmail.com,firefighter
796,Cindelyn,Alisia,Cindelyn.Alisia@yopmail.com,Cindelyn.Alisia@gmail.com,doctor
797,Cyndie,Henrie,Cyndie.Henrie@yopmail.com,Cyndie.Henrie@gmail.com,worker
798,Lisette,Katrine,Lisette.Katrine@yopmail.com,Lisette.Katrine@gmail.com,police officer
799,Lelah,Koehler,Lelah.Koehler@yopmail.com,Lelah.Koehler@gmail.com,developer
800,Frances,Auberbach,Frances.Auberbach@yopmail.com,Frances.Auberbach@gmail.com,police officer
801,Jenda,Sherrie,Jenda.Sherrie@yopmail.com,Jenda.Sherrie@gmail.com,doctor
802,Pierette,Bibi,Pierette.Bibi@yopmail.com,Pierette.Bibi@gmail.com,developer
803,Dede,Leffen,Dede.Leffen@yopmail.com,Dede.Leffen@gmail.com,police officer
804,Justinn,Ummersen,Justinn.Ummersen@yopmail.com,Justinn.Ummersen@gmail.com,doctor
805,Iseabal,Oneida,Iseabal.Oneida@yopmail.com,Iseabal.Oneida@gmail.com,doctor
806,Gerianna,Quent,Gerianna.Quent@yopmail.com,Gerianna.Quent@gmail.com,worker
807,Petronia,Stuart,Petronia.Stuart@yopmail.com,Petronia.Stuart@gmail.com,developer
808,Wynne,Alabaster,Wynne.Alabaster@yopmail.com,Wynne.Alabaster@gmail.com,doctor
809,Marti,Masao,Marti.Masao@yopmail.com,Marti.Masao@gmail.com,firefighter
810,Hermione,Soneson,Hermione.Soneson@yopmail.com,Hermione.Soneson@gmail.com,doctor
811,Lory,Jalbert,Lory.Jalbert@yopmail.com,Lory.Jalbert@gmail.com,doctor
812,Emelina,Holbrook,Emelina.Holbrook@yopmail.com,Emelina.Holbrook@gmail.com,doctor
813,Celestyna,Armanda,Celestyna.Armanda@yopmail.com,Celestyna.Armanda@gmail.com,developer
814,Elbertina,Sabella,Elbertina.Sabella@yopmail.com,Elbertina.Sabella@gmail.com,doctor
815,Rani,Barrus,Rani.Barrus@yopmail.com,Rani.Barrus@gmail.com,worker
816,Christy,Gino,Christy.Gino@yopmail.com,Christy.Gino@gmail.com,doctor
817,Marline,Breed,Marline.Breed@yopmail.com,Marline.Breed@gmail.com,doctor
818,Melisent,Bettine,Melisent.Bettine@yopmail.com,Melisent.Bettine@gmail.com,doctor
819,Alexine,Zachary,Alexine.Zachary@yopmail.com,Alexine.Zachary@gmail.com,doctor
820,Lynea,Medrek,Lynea.Medrek@yopmail.com,Lynea.Medrek@gmail.com,firefighter
821,Joelly,Teddman,Joelly.Teddman@yopmail.com,Joelly.Teddman@gmail.com,developer
822,Donnie,Carleen,Donnie.Carleen@yopmail.com,Donnie.Carleen@gmail.com,firefighter
823,Misha,Ellerey,Misha.Ellerey@yopmail.com,Misha.Ellerey@gmail.com,worker
824,Lizzie,Grosz,Lizzie.Grosz@yopmail.com,Lizzie.Grosz@gmail.com,police officer
825,Jobi,Sibyls,Jobi.Sibyls@yopmail.com,Jobi.Sibyls@gmail.com,doctor
826,Sashenka,Lindemann,Sashenka.Lindemann@yopmail.com,Sashenka.Lindemann@gmail.com,worker
827,Max,Baylor,Max.Baylor@yopmail.com,Max.Baylor@gmail.com,police officer
828,Sue,Juliet,Sue.Juliet@yopmail.com,Sue.Juliet@gmail.com,police officer
829,Lexine,Wolfgram,Lexine.Wolfgram@yopmail.com,Lexine.Wolfgram@gmail.com,firefighter
830,Georgina,Weaks,Georgina.Weaks@yopmail.com,Georgina.Weaks@gmail.com,doctor
831,Peri,Bigner,Peri.Bigner@yopmail.com,Peri.Bigner@gmail.com,worker
832,Cecile,Emerson,Cecile.Emerson@yopmail.com,Cecile.Emerson@gmail.com,firefighter
833,Berta,Madaih,Berta.Madaih@yopmail.com,Berta.Madaih@gmail.com,developer
834,Farrah,Billye,Farrah.Billye@yopmail.com,Farrah.Billye@gmail.com,developer
835,Nelle,Kirbee,Nelle.Kirbee@yopmail.com,Nelle.Kirbee@gmail.com,developer
836,Shirlee,Ralfston,Shirlee.Ralfston@yopmail.com,Shirlee.Ralfston@gmail.com,firefighter
837,Aigneis,Gabrielli,Aigneis.Gabrielli@yopmail.com,Aigneis.Gabrielli@gmail.com,worker
838,Tatiania,Rooney,Tatiania.Rooney@yopmail.com,Tatiania.Rooney@gmail.com,worker
839,Stevana,Milson,Stevana.Milson@yopmail.com,Stevana.Milson@gmail.com,doctor
840,Lanna,Ovid,Lanna.Ovid@yopmail.com,Lanna.Ovid@gmail.com,firefighter
841,Marline,Carleen,Marline.Carleen@yopmail.com,Marline.Carleen@gmail.com,doctor
842,Jenda,Kylander,Jenda.Kylander@yopmail.com,Jenda.Kylander@gmail.com,worker
843,Chrystel,Demitria,Chrystel.Demitria@yopmail.com,Chrystel.Demitria@gmail.com,developer
844,Mahalia,Barrus,Mahalia.Barrus@yopmail.com,Mahalia.Barrus@gmail.com,doctor
845,Riannon,Kazimir,Riannon.Kazimir@yopmail.com,Riannon.Kazimir@gmail.com,developer
846,Elvira,Lesley,Elvira.Lesley@yopmail.com,Elvira.Lesley@gmail.com,firefighter
847,Katleen,Norrie,Katleen.Norrie@yopmail.com,Katleen.Norrie@gmail.com,doctor
848,Jenda,Ferino,Jenda.Ferino@yopmail.com,Jenda.Ferino@gmail.com,firefighter
849,Ulrike,Danby,Ulrike.Danby@yopmail.com,Ulrike.Danby@gmail.com,firefighter
850,Edee,Grosz,Edee.Grosz@yopmail.com,Edee.Grosz@gmail.com,worker
851,Chickie,Bari,Chickie.Bari@yopmail.com,Chickie.Bari@gmail.com,developer
852,Tybie,Angelis,Tybie.Angelis@yopmail.com,Tybie.Angelis@gmail.com,worker
853,Molli,Chabot,Molli.Chabot@yopmail.com,Molli.Chabot@gmail.com,police officer
854,Tera,Cleo,Tera.Cleo@yopmail.com,Tera.Cleo@gmail.com,police officer
855,Annabela,Amand,Annabela.Amand@yopmail.com,Annabela.Amand@gmail.com,worker
856,Merry,Lymann,Merry.Lymann@yopmail.com,Merry.Lymann@gmail.com,doctor
857,Hannis,Rustice,Hannis.Rustice@yopmail.com,Hannis.Rustice@gmail.com,developer
858,Cecile,Jehu,Cecile.Jehu@yopmail.com,Cecile.Jehu@gmail.com,police officer
859,Babita,Gregrory,Babita.Gregrory@yopmail.com,Babita.Gregrory@gmail.com,developer
860,Tilly,Malina,Tilly.Malina@yopmail.com,Tilly.Malina@gmail.com,doctor
861,Chastity,Vilma,Chastity.Vilma@yopmail.com,Chastity.Vilma@gmail.com,worker
862,Karlee,Rubie,Karlee.Rubie@yopmail.com,Karlee.Rubie@gmail.com,police officer
863,Emilia,Merell,Emilia.Merell@yopmail.com,Emilia.Merell@gmail.com,worker
864,Melodie,Klemperer,Melodie.Klemperer@yopmail.com,Melodie.Klemperer@gmail.com,worker
865,Joelly,Laverne,Joelly.Laverne@yopmail.com,Joelly.Laverne@gmail.com,firefighter
866,Philis,Frendel,Philis.Frendel@yopmail.com,Philis.Frendel@gmail.com,firefighter
867,Alameda,Hebner,Alameda.Hebner@yopmail.com,Alameda.Hebner@gmail.com,developer
868,Dominga,Hylan,Dominga.Hylan@yopmail.com,Dominga.Hylan@gmail.com,doctor
869,Gilligan,Codding,Gilligan.Codding@yopmail.com,Gilligan.Codding@gmail.com,doctor
870,Brandise,Tremayne,Brandise.Tremayne@yopmail.com,Brandise.Tremayne@gmail.com,police officer
871,Josephine,Ortrude,Josephine.Ortrude@yopmail.com,Josephine.Ortrude@gmail.com,worker
872,Minne,Marden,Minne.Marden@yopmail.com,Minne.Marden@gmail.com,worker
873,Dyann,Connelly,Dyann.Connelly@yopmail.com,Dyann.Connelly@gmail.com,doctor
874,Atlanta,Cordi,Atlanta.Cordi@yopmail.com,Atlanta.Cordi@gmail.com,police officer
875,Imojean,Bach,Imojean.Bach@yopmail.com,Imojean.Bach@gmail.com,worker
876,Lily,Saunderson,Lily.Saunderson@yopmail.com,Lily.Saunderson@gmail.com,developer
877,Yetty,Sparhawk,Yetty.Sparhawk@yopmail.com,Yetty.Sparhawk@gmail.com,firefighter
878,Neila,Mehalek,Neila.Mehalek@yopmail.com,Neila.Mehalek@gmail.com,developer
879,Helsa,Darrell,Helsa.Darrell@yopmail.com,Helsa.Darrell@gmail.com,police officer
880,Florie,Verger,Florie.Verger@yopmail.com,Florie.Verger@gmail.com,police officer
881,Asia,Cadmar,Asia.Cadmar@yopmail.com,Asia.Cadmar@gmail.com,developer
882,Nananne,Ashely,Nananne.Ashely@yopmail.com,Nananne.Ashely@gmail.com,worker
883,Rori,Mozelle,Rori.Mozelle@yopmail.com,Rori.Mozelle@gmail.com,police officer
884,Lily,Fancie,Lily.Fancie@yopmail.com,Lily.Fancie@gmail.com,doctor
885,Merrie,Peti,Merrie.Peti@yopmail.com,Merrie.Peti@gmail.com,doctor
886,Wendi,Havens,Wendi.Havens@yopmail.com,Wendi.Havens@gmail.com,developer
887,Wendi,Ackerley,Wendi.Ackerley@yopmail.com,Wendi.Ackerley@gmail.com,doctor
888,Elora,Imelida,Elora.Imelida@yopmail.com,Elora.Imelida@gmail.com,developer
889,Judy,Zitvaa,Judy.Zitvaa@yopmail.com,Judy.Zitvaa@gmail.com,police officer
890,Roseline,Dermott,Roseline.Dermott@yopmail.com,Roseline.Dermott@gmail.com,police officer
891,Jean,Cressida,Jean.Cressida@yopmail.com,Jean.Cressida@gmail.com,doctor
892,Elvira,Zaslow,Elvira.Zaslow@yopmail.com,Elvira.Zaslow@gmail.com,firefighter
893,Janeczka,Tamsky,Janeczka.Tamsky@yopmail.com,Janeczka.Tamsky@gmail.com,police officer
894,Elie,Anyah,Elie.Anyah@yopmail.com,Elie.Anyah@gmail.com,police officer
895,Pearline,Cavan,Pearline.Cavan@yopmail.com,Pearline.Cavan@gmail.com,doctor
896,Jemie,Emanuel,Jemie.Emanuel@yopmail.com,Jemie.Emanuel@gmail.com,worker
897,Trudie,Emmaline,Trudie.Emmaline@yopmail.com,Trudie.Emmaline@gmail.com,police officer
898,Evita,Pacorro,Evita.Pacorro@yopmail.com,Evita.Pacorro@gmail.com,police officer
899,Alexine,Belanger,Alexine.Belanger@yopmail.com,Alexine.Belanger@gmail.com,worker
900,Tressa,Kirstin,Tressa.Kirstin@yopmail.com,Tressa.Kirstin@gmail.com,worker
901,Sharai,Taima,Sharai.Taima@yopmail.com,Sharai.Taima@gmail.com,developer
902,Donetta,Dawkins,Donetta.Dawkins@yopmail.com,Donetta.Dawkins@gmail.com,doctor
903,Rosabelle,Arathorn,Rosabelle.Arathorn@yopmail.com,Rosabelle.Arathorn@gmail.com,firefighter
904,Joleen,Dituri,Joleen.Dituri@yopmail.com,Joleen.Dituri@gmail.com,developer
905,Rayna,Sisile,Rayna.Sisile@yopmail.com,Rayna.Sisile@gmail.com,firefighter
906,Harrietta,Voletta,Harrietta.Voletta@yopmail.com,Harrietta.Voletta@gmail.com,firefighter
907,Fina,Kimmie,Fina.Kimmie@yopmail.com,Fina.Kimmie@gmail.com,doctor
908,Blake,Catie,Blake.Catie@yopmail.com,Blake.Catie@gmail.com,doctor
909,Gertrud,Fosque,Gertrud.Fosque@yopmail.com,Gertrud.Fosque@gmail.com,police officer
910,Karina,Bach,Karina.Bach@yopmail.com,Karina.Bach@gmail.com,firefighter
911,Jany,Jess,Jany.Jess@yopmail.com,Jany.Jess@gmail.com,police officer
912,Mariann,Hubert,Mariann.Hubert@yopmail.com,Mariann.Hubert@gmail.com,police officer
913,Kathy,McGrody,Kathy.McGrody@yopmail.com,Kathy.McGrody@gmail.com,developer
914,Sharai,Alarise,Sharai.Alarise@yopmail.com,Sharai.Alarise@gmail.com,firefighter
915,Tiffie,Kathie,Tiffie.Kathie@yopmail.com,Tiffie.Kathie@gmail.com,developer
916,Cordi,Alfons,Cordi.Alfons@yopmail.com,Cordi.Alfons@gmail.com,doctor
917,Marylou,Hamil,Marylou.Hamil@yopmail.com,Marylou.Hamil@gmail.com,firefighter
918,Ayn,Bluh,Ayn.Bluh@yopmail.com,Ayn.Bluh@gmail.com,worker
919,Valera,Bandeen,Valera.Bandeen@yopmail.com,Valera.Bandeen@gmail.com,worker
920,Carly,Baylor,Carly.Baylor@yopmail.com,Carly.Baylor@gmail.com,doctor
921,Sean,Bergman,Sean.Bergman@yopmail.com,Sean.Bergman@gmail.com,police officer
922,Inga,Heisel,Inga.Heisel@yopmail.com,Inga.Heisel@gmail.com,doctor
923,Linet,Fry,Linet.Fry@yopmail.com,Linet.Fry@gmail.com,police officer
924,Angela,Astra,Angela.Astra@yopmail.com,Angela.Astra@gmail.com,firefighter
925,Rosanne,Maxi,Rosanne.Maxi@yopmail.com,Rosanne.Maxi@gmail.com,worker
926,Lusa,Joli,Lusa.Joli@yopmail.com,Lusa.Joli@gmail.com,doctor
927,Cam,Si,Cam.Si@yopmail.com,Cam.Si@gmail.com,firefighter
928,Concettina,Alfons,Concettina.Alfons@yopmail.com,Concettina.Alfons@gmail.com,firefighter
929,Sonni,Grobe,Sonni.Grobe@yopmail.com,Sonni.Grobe@gmail.com,worker
930,Katuscha,LaRue,Katuscha.LaRue@yopmail.com,Katuscha.LaRue@gmail.com,developer
931,Janeczka,Hebner,Janeczka.Hebner@yopmail.com,Janeczka.Hebner@gmail.com,developer
932,Jany,Markman,Jany.Markman@yopmail.com,Jany.Markman@gmail.com,developer
933,Clarice,Pip,Clarice.Pip@yopmail.com,Clarice.Pip@gmail.com,doctor
934,Lilith,Helve,Lilith.Helve@yopmail.com,Lilith.Helve@gmail.com,police officer
935,Marylou,Chaing,Marylou.Chaing@yopmail.com,Marylou.Chaing@gmail.com,police officer
936,Roxane,Kaete,Roxane.Kaete@yopmail.com,Roxane.Kaete@gmail.com,police officer
937,Sophia,Wareing,Sophia.Wareing@yopmail.com,Sophia.Wareing@gmail.com,worker
938,Cathyleen,Judye,Cathyleen.Judye@yopmail.com,Cathyleen.Judye@gmail.com,police officer
939,Britte,Yorick,Britte.Yorick@yopmail.com,Britte.Yorick@gmail.com,firefighter
940,Kenna,Niccolo,Kenna.Niccolo@yopmail.com,Kenna.Niccolo@gmail.com,doctor
941,Alameda,Gusella,Alameda.Gusella@yopmail.com,Alameda.Gusella@gmail.com,police officer
942,Sibella,Dichy,Sibella.Dichy@yopmail.com,Sibella.Dichy@gmail.com,doctor
943,Nananne,Si,Nananne.Si@yopmail.com,Nananne.Si@gmail.com,police officer
944,Penelopa,Drisko,Penelopa.Drisko@yopmail.com,Penelopa.Drisko@gmail.com,doctor
945,Helsa,Bebe,Helsa.Bebe@yopmail.com,Helsa.Bebe@gmail.com,firefighter
946,Krystle,Wadell,Krystle.Wadell@yopmail.com,Krystle.Wadell@gmail.com,firefighter
947,Angela,Elvyn,Angela.Elvyn@yopmail.com,Angela.Elvyn@gmail.com,worker
948,Roberta,Francyne,Roberta.Francyne@yopmail.com,Roberta.Francyne@gmail.com,police officer
949,Bettine,Engdahl,Bettine.Engdahl@yopmail.com,Bettine.Engdahl@gmail.com,firefighter
950,Emelina,Manolo,Emelina.Manolo@yopmail.com,Emelina.Manolo@gmail.com,developer
951,Ericka,Richers,Ericka.Richers@yopmail.com,Ericka.Richers@gmail.com,developer
952,Cherilyn,Dex,Cherilyn.Dex@yopmail.com,Cherilyn.Dex@gmail.com,developer
953,Lauryn,Eno,Lauryn.Eno@yopmail.com,Lauryn.Eno@gmail.com,doctor
954,Claresta,Tremayne,Claresta.Tremayne@yopmail.com,Claresta.Tremayne@gmail.com,police officer
955,Wileen,Orpah,Wileen.Orpah@yopmail.com,Wileen.Orpah@gmail.com,doctor
956,Ardeen,Ulphia,Ardeen.Ulphia@yopmail.com,Ardeen.Ulphia@gmail.com,worker
957,Sadie,Raseda,Sadie.Raseda@yopmail.com,Sadie.Raseda@gmail.com,doctor
958,Corry,Ball,Corry.Ball@yopmail.com,Corry.Ball@gmail.com,developer
959,Lucy,Candy,Lucy.Candy@yopmail.com,Lucy.Candy@gmail.com,firefighter
960,Nannie,Hamil,Nannie.Hamil@yopmail.com,Nannie.Hamil@gmail.com,developer
961,Vanessa,Larochelle,Vanessa.Larochelle@yopmail.com,Vanessa.Larochelle@gmail.com,police officer
962,Layla,Magnolia,Layla.Magnolia@yopmail.com,Layla.Magnolia@gmail.com,worker
963,Lita,Gower,Lita.Gower@yopmail.com,Lita.Gower@gmail.com,worker
964,Rhoda,Niles,Rhoda.Niles@yopmail.com,Rhoda.Niles@gmail.com,doctor
965,Marcelline,Strephon,Marcelline.Strephon@yopmail.com,Marcelline.Strephon@gmail.com,police officer
966,Asia,Ralfston,Asia.Ralfston@yopmail.com,Asia.Ralfston@gmail.com,doctor
967,Cristabel,Hedve,Cristabel.Hedve@yopmail.com,Cristabel.Hedve@gmail.com,doctor
968,Ingrid,Berne,Ingrid.Berne@yopmail.com,Ingrid.Berne@gmail.com,developer
969,Correy,Kaja,Correy.Kaja@yopmail.com,Correy.Kaja@gmail.com,police officer
970,Meg,Roche,Meg.Roche@yopmail.com,Meg.Roche@gmail.com,worker
971,Tierney,Kare,Tierney.Kare@yopmail.com,Tierney.Kare@gmail.com,developer
972,Joy,Ries,Joy.Ries@yopmail.com,Joy.Ries@gmail.com,firefighter
973,Sandie,Stoller,Sandie.Stoller@yopmail.com,Sandie.Stoller@gmail.com,developer
974,Dotty,Wattenberg,Dotty.Wattenberg@yopmail.com,Dotty.Wattenberg@gmail.com,worker
975,Nonnah,Glovsky,Nonnah.Glovsky@yopmail.com,Nonnah.Glovsky@gmail.com,worker
976,Keelia,Wareing,Keelia.Wareing@yopmail.com,Keelia.Wareing@gmail.com,police officer
977,Elie,Israeli,Elie.Israeli@yopmail.com,Elie.Israeli@gmail.com,worker
978,Marita,Harl,Marita.Harl@yopmail.com,Marita.Harl@gmail.com,doctor
979,Atlanta,Bibi,Atlanta.Bibi@yopmail.com,Atlanta.Bibi@gmail.com,firefighter
980,Ileana,Allys,Ileana.Allys@yopmail.com,Ileana.Allys@gmail.com,worker
981,Maud,Reinke,Maud.Reinke@yopmail.com,Maud.Reinke@gmail.com,doctor
982,Nickie,Vacuva,Nickie.Vacuva@yopmail.com,Nickie.Vacuva@gmail.com,developer
983,Sam,Phaidra,Sam.Phaidra@yopmail.com,Sam.Phaidra@gmail.com,doctor
984,Karena,Emanuel,Karena.Emanuel@yopmail.com,Karena.Emanuel@gmail.com,doctor
985,Tierney,Millda,Tierney.Millda@yopmail.com,Tierney.Millda@gmail.com,developer
986,Gwyneth,Pitt,Gwyneth.Pitt@yopmail.com,Gwyneth.Pitt@gmail.com,worker
987,Tarra,Irmine,Tarra.Irmine@yopmail.com,Tarra.Irmine@gmail.com,developer
988,Hermione,Winnick,Hermione.Winnick@yopmail.com,Hermione.Winnick@gmail.com,worker
989,Hannis,Rosalba,Hannis.Rosalba@yopmail.com,Hannis.Rosalba@gmail.com,doctor
990,Kate,Palocz,Kate.Palocz@yopmail.com,Kate.Palocz@gmail.com,doctor
991,Merci,Olnee,Merci.Olnee@yopmail.com,Merci.Olnee@gmail.com,firefighter
992,Paola,Dannye,Paola.Dannye@yopmail.com,Paola.Dannye@gmail.com,police officer
993,Alleen,Dahlia,Alleen.Dahlia@yopmail.com,Alleen.Dahlia@gmail.com,worker
994,Tori,Salvidor,Tori.Salvidor@yopmail.com,Tori.Salvidor@gmail.com,developer
995,Lacie,Gilmour,Lacie.Gilmour@yopmail.com,Lacie.Gilmour@gmail.com,worker
996,Kellen,Swigart,Kellen.Swigart@yopmail.com,Kellen.Swigart@gmail.com,worker
997,Monika,Randene,Monika.Randene@yopmail.com,Monika.Randene@gmail.com,worker
998,Constance,Remmer,Constance.Remmer@yopmail.com,Constance.Remmer@gmail.com,police officer
999,Brianna,Woodberry,Brianna.Woodberry@yopmail.com,Brianna.Woodberry@gmail.com,police officer
1000,Pamella,Rocray,Pamella.Rocray@yopmail.com,Pamella.Rocray@gmail.com,worker
1001,Kore,Skurnik,Kore.Skurnik@yopmail.com,Kore.Skurnik@gmail.com,firefighter
1002,Jenilee,Natica,Jenilee.Natica@yopmail.com,Jenilee.Natica@gmail.com,developer
1003,Janeczka,Greenwald,Janeczka.Greenwald@yopmail.com,Janeczka.Greenwald@gmail.com,developer
1004,Rani,Shuler,Rani.Shuler@yopmail.com,Rani.Shuler@gmail.com,firefighter
1005,Sadie,Jacobah,Sadie.Jacobah@yopmail.com,Sadie.Jacobah@gmail.com,police officer
1006,Julieta,Kosey,Julieta.Kosey@yopmail.com,Julieta.Kosey@gmail.com,firefighter
1007,Jeanna,Imelida,Jeanna.Imelida@yopmail.com,Jeanna.Imelida@gmail.com,developer
1008,Cordi,Fillbert,Cordi.Fillbert@yopmail.com,Cordi.Fillbert@gmail.com,police officer
1009,Bernie,Magnolia,Bernie.Magnolia@yopmail.com,Bernie.Magnolia@gmail.com,police officer
1010,Marleah,Bennie,Marleah.Bennie@yopmail.com,Marleah.Bennie@gmail.com,developer
1011,Althea,Karna,Althea.Karna@yopmail.com,Althea.Karna@gmail.com,police officer
1012,Theodora,Raama,Theodora.Raama@yopmail.com,Theodora.Raama@gmail.com,police officer
1013,Belinda,Ferrell,Belinda.Ferrell@yopmail.com,Belinda.Ferrell@gmail.com,police officer
1014,Henriette,MacIntosh,Henriette.MacIntosh@yopmail.com,Henriette.MacIntosh@gmail.com,worker
1015,Rebeca,Gibbeon,Rebeca.Gibbeon@yopmail.com,Rebeca.Gibbeon@gmail.com,police officer
1016,Frank,Sholley,Frank.Sholley@yopmail.com,Frank.Sholley@gmail.com,firefighter
1017,Corina,Cookie,Corina.Cookie@yopmail.com,Corina.Cookie@gmail.com,police officer
1018,Beatriz,Arley,Beatriz.Arley@yopmail.com,Beatriz.Arley@gmail.com,doctor
1019,Madelle,Tamar,Madelle.Tamar@yopmail.com,Madelle.Tamar@gmail.com,police officer
1020,Brandise,Laurianne,Brandise.Laurianne@yopmail.com,Brandise.Laurianne@gmail.com,police officer
1021,Tiffie,Virgin,Tiffie.Virgin@yopmail.com,Tiffie.Virgin@gmail.com,doctor
1022,Selia,Shelba,Selia.Shelba@yopmail.com,Selia.Shelba@gmail.com,police officer
1023,Hollie,Carvey,Hollie.Carvey@yopmail.com,Hollie.Carvey@gmail.com,doctor
1024,Violet,Grobe,Violet.Grobe@yopmail.com,Violet.Grobe@gmail.com,worker
1025,Briney,Ardra,Briney.Ardra@yopmail.com,Briney.Ardra@gmail.com,doctor
1026,Donnie,Hathaway,Donnie.Hathaway@yopmail.com,Donnie.Hathaway@gmail.com,worker
1027,Caryl,Beebe,Caryl.Beebe@yopmail.com,Caryl.Beebe@gmail.com,firefighter
1028,Rosabelle,Malvino,Rosabelle.Malvino@yopmail.com,Rosabelle.Malvino@gmail.com,worker
1029,Meghann,Plato,Meghann.Plato@yopmail.com,Meghann.Plato@gmail.com,police officer
1030,Merrie,Rad,Merrie.Rad@yopmail.com,Merrie.Rad@gmail.com,worker
1031,Claudina,Joseph,Claudina.Joseph@yopmail.com,Claudina.Joseph@gmail.com,worker
1032,Gwenneth,Lauraine,Gwenneth.Lauraine@yopmail.com,Gwenneth.Lauraine@gmail.com,developer
1033,Lynde,Docilla,Lynde.Docilla@yopmail.com,Lynde.Docilla@gmail.com,worker
1034,Loree,Vanni,Loree.Vanni@yopmail.com,Loree.Vanni@gmail.com,doctor
1035,Shel,Grobe,Shel.Grobe@yopmail.com,Shel.Grobe@gmail.com,worker
1036,Deloria,Valerio,Deloria.Valerio@yopmail.com,Deloria.Valerio@gmail.com,firefighter
1037,Katharina,Barbey,Katharina.Barbey@yopmail.com,Katharina.Barbey@gmail.com,police officer
1038,Arabel,Sundin,Arabel.Sundin@yopmail.com,Arabel.Sundin@gmail.com,developer
1039,Paola,Oriana,Paola.Oriana@yopmail.com,Paola.Oriana@gmail.com,developer
1040,Candy,Valerio,Candy.Valerio@yopmail.com,Candy.Valerio@gmail.com,doctor
1041,Dyann,Girardo,Dyann.Girardo@yopmail.com,Dyann.Girardo@gmail.com,firefighter
1042,Lita,Douglass,Lita.Douglass@yopmail.com,Lita.Douglass@gmail.com,police officer
1043,Trudie,Arvo,Trudie.Arvo@yopmail.com,Trudie.Arvo@gmail.com,police officer
1044,Rebeca,Vale,Rebeca.Vale@yopmail.com,Rebeca.Vale@gmail.com,doctor
1045,Sallie,Jacinda,Sallie.Jacinda@yopmail.com,Sallie.Jacinda@gmail.com,firefighter
1046,Carolina,Sekofski,Carolina.Sekofski@yopmail.com,Carolina.Sekofski@gmail.com,worker
1047,Leanna,Chobot,Leanna.Chobot@yopmail.com,Leanna.Chobot@gmail.com,firefighter
1048,Nita,Bord,Nita.Bord@yopmail.com,Nita.Bord@gmail.com,firefighter
1049,Fernande,Sparhawk,Fernande.Sparhawk@yopmail.com,Fernande.Sparhawk@gmail.com,worker
1050,Minne,Urania,Minne.Urania@yopmail.com,Minne.Urania@gmail.com,police officer
1051,Stevana,Primalia,Stevana.Primalia@yopmail.com,Stevana.Primalia@gmail.com,firefighter
1052,Nita,Jammal,Nita.Jammal@yopmail.com,Nita.Jammal@gmail.com,worker
1053,Collen,Isidore,Collen.Isidore@yopmail.com,Collen.Isidore@gmail.com,police officer
1054,Bertine,Stanwood,Bertine.Stanwood@yopmail.com,Bertine.Stanwood@gmail.com,police officer
1055,Mara,Iiette,Mara.Iiette@yopmail.com,Mara.Iiette@gmail.com,police officer
1056,Joelly,Urias,Joelly.Urias@yopmail.com,Joelly.Urias@gmail.com,developer
1057,Ilse,McLaughlin,Ilse.McLaughlin@yopmail.com,Ilse.McLaughlin@gmail.com,doctor
1058,Claresta,Leary,Claresta.Leary@yopmail.com,Claresta.Leary@gmail.com,firefighter
1059,Josephine,Suk,Josephine.Suk@yopmail.com,Josephine.Suk@gmail.com,developer
1060,Dacia,Friede,Dacia.Friede@yopmail.com,Dacia.Friede@gmail.com,worker
1061,Lorenza,Greenwald,Lorenza.Greenwald@yopmail.com,Lorenza.Greenwald@gmail.com,firefighter
1062,Leeanne,Geffner,Leeanne.Geffner@yopmail.com,Leeanne.Geffner@gmail.com,firefighter
1063,Shel,Laurianne,Shel.Laurianne@yopmail.com,Shel.Laurianne@gmail.com,developer
1064,Diena,Baudin,Diena.Baudin@yopmail.com,Diena.Baudin@gmail.com,worker
1065,Etta,Ricarda,Etta.Ricarda@yopmail.com,Etta.Ricarda@gmail.com,firefighter
1066,Eugine,Agle,Eugine.Agle@yopmail.com,Eugine.Agle@gmail.com,doctor
1067,Debee,Nickola,Debee.Nickola@yopmail.com,Debee.Nickola@gmail.com,doctor
1068,Lynnea,Crudden,Lynnea.Crudden@yopmail.com,Lynnea.Crudden@gmail.com,worker
1069,Jemie,Verger,Jemie.Verger@yopmail.com,Jemie.Verger@gmail.com,firefighter
1070,Larine,Center,Larine.Center@yopmail.com,Larine.Center@gmail.com,developer
1071,Quintina,Knowling,Quintina.Knowling@yopmail.com,Quintina.Knowling@gmail.com,doctor
1072,Glynnis,Dielu,Glynnis.Dielu@yopmail.com,Glynnis.Dielu@gmail.com,firefighter
1073,Brianna,Madaih,Brianna.Madaih@yopmail.com,Brianna.Madaih@gmail.com,developer
1074,Caressa,Kirstin,Caressa.Kirstin@yopmail.com,Caressa.Kirstin@gmail.com,doctor
1075,Alia,Ledah,Alia.Ledah@yopmail.com,Alia.Ledah@gmail.com,worker
1076,Maridel,Tice,Maridel.Tice@yopmail.com,Maridel.Tice@gmail.com,worker
1077,Glenda,Hebner,Glenda.Hebner@yopmail.com,Glenda.Hebner@gmail.com,firefighter
1078,Ninnetta,Huggins,Ninnetta.Huggins@yopmail.com,Ninnetta.Huggins@gmail.com,worker
1079,Phylis,Saunderson,Phylis.Saunderson@yopmail.com,Phylis.Saunderson@gmail.com,police officer
1080,Bernie,Dimitris,Bernie.Dimitris@yopmail.com,Bernie.Dimitris@gmail.com,doctor
1081,Cathyleen,Peg,Cathyleen.Peg@yopmail.com,Cathyleen.Peg@gmail.com,firefighter
1082,Goldie,Anastatius,Goldie.Anastatius@yopmail.com,Goldie.Anastatius@gmail.com,doctor
1083,Kellen,Bobbee,Kellen.Bobbee@yopmail.com,Kellen.Bobbee@gmail.com,worker
1084,Stephanie,Ietta,Stephanie.Ietta@yopmail.com,Stephanie.Ietta@gmail.com,police officer
1085,Lynea,Erminia,Lynea.Erminia@yopmail.com,Lynea.Erminia@gmail.com,police officer
1086,Aeriela,Kinnard,Aeriela.Kinnard@yopmail.com,Aeriela.Kinnard@gmail.com,police officer
1087,Monika,Magdalen,Monika.Magdalen@yopmail.com,Monika.Magdalen@gmail.com,police officer
1088,Mary,Ammann,Mary.Ammann@yopmail.com,Mary.Ammann@gmail.com,worker
1089,Blake,Yusuk,Blake.Yusuk@yopmail.com,Blake.Yusuk@gmail.com,doctor
1090,Deedee,Wildermuth,Deedee.Wildermuth@yopmail.com,Deedee.Wildermuth@gmail.com,developer
1091,Norine,Emanuel,Norine.Emanuel@yopmail.com,Norine.Emanuel@gmail.com,worker
1092,Minda,Leopold,Minda.Leopold@yopmail.com,Minda.Leopold@gmail.com,developer
1093,Danika,Sekofski,Danika.Sekofski@yopmail.com,Danika.Sekofski@gmail.com,firefighter
1094,Roz,Tristram,Roz.Tristram@yopmail.com,Roz.Tristram@gmail.com,firefighter
1095,Cassondra,Lacombe,Cassondra.Lacombe@yopmail.com,Cassondra.Lacombe@gmail.com,police officer
1096,Aaren,Iphlgenia,Aaren.Iphlgenia@yopmail.com,Aaren.Iphlgenia@gmail.com,firefighter
1097,Selma,Dawkins,Selma.Dawkins@yopmail.com,Selma.Dawkins@gmail.com,firefighter
1098,Sheelagh,Strephon,Sheelagh.Strephon@yopmail.com,Sheelagh.Strephon@gmail.com,worker
1099,Zaria,Nore,Zaria.Nore@yopmail.com,Zaria.Nore@gmail.com,worker